ID,SpellID,StanceBarOrder,ShapeshiftExclude[0],ShapeshiftExclude[1],ShapeshiftMask[0],ShapeshiftMask[1]
39297,598,-1,134217728,0,0,0
39298,482,0,0,0,0,0
39299,139,-1,134217728,0,-2147483648,0
39300,514,0,0,0,0,0
39301,518,0,0,0,0,0
39303,71,1,0,0,0,0
39304,585,-1,134217728,0,0,0
39305,586,-1,0,0,134217728,0
39306,99,-1,0,0,144,0
39307,467,-1,0,0,1073741826,0
39311,465,0,0,0,0,0
39312,589,-1,0,0,134217728,0
39313,591,-1,134217728,0,0,0
39314,724,0,0,0,0,0
39315,596,-1,134217728,0,-2147483648,0
39316,552,-1,134217728,0,0,0
39317,594,-1,0,0,134217728,0
39320,84,0,0,0,0,0
39321,100,-1,0,0,65536,0
39322,453,-1,0,0,134217728,0
39323,456,0,0,0,0,0
39324,602,-1,0,0,134217728,0
39325,921,-1,0,0,536870912,0
39326,984,-1,134217728,0,0,0
39327,527,-1,0,0,134217728,0
39328,528,-1,134217728,0,0,0
39329,850,0,0,0,0,0
39331,779,-1,0,0,144,0
39332,780,-1,0,0,144,0
39333,804,0,0,0,0,0
39334,783,3,1073741824,0,0,0
39335,794,0,0,0,0,0
39336,772,-1,0,0,196608,0
39337,785,0,0,0,0,0
39338,812,0,0,0,0,0
39340,703,-1,0,0,536870912,0
39341,799,0,0,0,0,0
39342,800,0,0,0,0,0
39343,782,-1,0,0,1073741826,0
39344,802,0,0,0,0,0
39345,1004,-1,134217728,0,0,0
39346,605,-1,0,0,134217728,0
39347,72,-1,0,0,196608,0
39348,588,-1,0,0,134217728,0
39349,1009,0,0,0,0,0
39350,355,-1,0,0,131072,0
39351,676,-1,0,0,131072,0
39352,731,0,0,0,0,0
39353,26025,0,0,0,0,0
39354,568,0,0,0,0,0
39355,871,-1,0,0,131072,0
39356,1430,-1,1073741824,0,2,0
39357,31770,0,0,0,0,0
39358,720,0,0,0,0,0
39359,1735,-1,0,0,144,0
39360,1075,-1,0,0,1073741826,0
39361,1905,0,0,0,0,0
39362,2060,-1,134217728,0,-2147483648,0
39363,2061,-1,134217728,0,-2147483648,0
39364,1671,-1,0,0,196608,0
39365,1672,-1,0,0,196608,0
39366,1825,-1,0,0,1,0
39367,27546,4,0,0,0,0
39368,27547,0,0,0,0,0
39369,27548,0,0,0,0,0
39370,27555,-1,0,0,16384,0
39371,27561,0,0,0,0,0
39372,27526,0,0,0,0,0
39373,29231,0,0,0,0,0
39374,1244,-1,0,0,134217728,0
39375,774,-1,1073741824,0,2,0
39376,1082,-1,0,0,1,0
39378,2791,-1,0,0,134217728,0
39380,768,2,1073741824,0,0,0
39381,2584,0,0,0,0,0
39382,769,-1,0,0,144,0
39383,770,-1,2,0,1073741824,0
39384,1881,0,0,0,0,0
39385,2313,0,0,0,0,0
39386,2565,-1,0,0,131072,0
39387,3029,-1,0,0,1,0
39388,3031,-1,0,0,1,0
39389,1680,-1,0,0,262144,0
39390,25755,0,0,0,0,0
39391,988,-1,0,0,134217728,0
39392,740,-1,1073741824,0,2,0
39393,1066,1,1073741824,0,0,0
39394,1557,0,0,0,0,0
39395,1177,0,0,0,0,0
39396,1178,-1,0,0,16,0
39397,1706,-1,0,0,134217728,0
39398,976,-1,0,0,134217728,0
39399,1243,-1,0,0,134217728,0
39400,7392,0,0,0,0,0
39401,775,4,0,0,0,0
39402,778,-1,2,0,1073741824,0
39403,1245,-1,0,0,134217728,0
39404,7393,0,0,0,0,0
39405,1058,-1,1073741824,0,2,0
39406,2006,-1,134217728,0,0,0
39407,1121,0,0,0,0,0
39408,1574,0,0,0,0,0
39409,996,-1,134217728,0,-2147483648,0
39410,970,-1,0,0,134217728,0
39411,1715,-1,0,0,327680,0
39412,2834,0,0,0,0,0
39413,2908,-1,2,0,1073741824,0
39414,2912,-1,2,0,1073741824,0
39415,9592,-1,0,0,134217728,0
39416,1850,-1,0,0,1,0
39417,2944,-1,0,0,134217728,0
39418,31605,0,0,0,0,0
39419,3747,-1,0,0,134217728,0
39421,2147,0,0,0,0,0
39422,2148,0,0,0,0,0
39423,1126,-1,1073741824,0,2,0
39424,1509,0,0,0,0,0
39425,3025,-1,0,0,1,0
39426,2652,-1,0,0,134217728,0
39431,2767,-1,0,0,134217728,0
39432,1824,-1,0,0,1,0
39433,2782,-1,1073741824,0,2,0
39435,2400,0,0,0,0,0
39436,2054,-1,134217728,0,-2147483648,0
39437,2055,-1,134217728,0,-2147483648,0
39440,2010,-1,134217728,0,0,0
39441,1823,-1,0,0,1,0
39442,2090,-1,1073741824,0,2,0
39443,2893,-1,1073741824,0,2,0
39444,2637,-1,2,0,1073741824,0
39445,1906,0,0,0,0,0
39446,2763,0,0,0,0,0
39447,2096,-1,0,0,134217728,0
39448,2050,-1,134217728,0,-2147483648,0
39449,2052,-1,134217728,0,-2147483648,0
39450,2070,-1,0,0,536870912,0
39451,2091,-1,1073741824,0,2,0
39452,2651,-1,0,0,134217728,0
39453,2053,-1,134217728,0,-2147483648,0
39454,2765,0,0,0,0,0
39455,1822,-1,0,0,1,0
39456,1908,0,0,0,0,0
39457,1833,-1,0,0,536870912,0
39459,3026,2,0,0,0,0
39460,3627,-1,1073741824,0,2,0
39462,9492,-1,0,0,1,0
39463,26027,0,0,0,0,0
39465,2458,2,0,0,0,0
39466,9490,-1,0,0,144,0
39467,3730,0,0,0,0,0
39468,3231,0,0,0,0,0
39469,26029,0,0,0,0,0
39470,5186,-1,1073741824,0,2,0
39471,26538,0,0,0,0,0
39472,5308,-1,0,0,327680,0
39473,5187,-1,1073741824,0,2,0
39474,5188,-1,1073741824,0,2,0
39475,5185,-1,1073741824,0,2,0
39476,6076,-1,134217728,0,-2147483648,0
39477,5221,-1,0,0,1,0
39478,6074,-1,134217728,0,-2147483648,0
39479,6075,-1,134217728,0,-2147483648,0
39480,5189,-1,1073741824,0,2,0
39481,6060,-1,134217728,0,0,0
39482,6064,-1,134217728,0,-2147483648,0
39484,6077,-1,134217728,0,-2147483648,0
39485,8878,0,0,0,0,0
39486,9889,-1,1073741824,0,2,0
39488,5421,-1,0,0,8,0
39489,5201,-1,0,0,1,0
39490,6063,-1,134217728,0,-2147483648,0
39491,5225,-1,0,0,1,0
39492,4801,0,0,0,0,0
39493,31599,0,0,0,0,0
39494,9888,-1,1073741824,0,2,0
39495,5180,-1,2,0,1073741824,0
39496,5215,-1,0,0,1,0
39497,5217,-1,0,0,1,0
39498,5229,-1,0,0,144,0
39499,5232,-1,1073741824,0,2,0
39500,5176,-1,2,0,1073741824,0
39501,5177,-1,2,0,1073741824,0
39502,5178,-1,2,0,1073741824,0
39503,5179,-1,2,0,1073741824,0
39504,5420,-1,0,0,2,0
39505,5209,-1,0,0,144,0
39506,5211,-1,0,0,144,0
39507,6123,0,0,0,0,0
39508,6150,0,0,0,0,0
39509,6998,0,0,0,0,0
39510,6554,-1,0,0,262144,0
39512,5610,0,0,0,0,0
39513,6476,0,0,0,0,0
39516,9752,-1,0,0,1,0
39517,7001,0,0,0,0,0
39519,5234,-1,1073741824,0,2,0
39521,9747,-1,0,0,144,0
39522,6546,-1,0,0,196608,0
39524,9749,-1,2,0,1073741824,0
39525,9750,-1,1073741824,0,2,0
39526,6078,-1,134217728,0,-2147483648,0
39527,28469,-1,0,0,134217728,0
39528,25905,0,0,0,0,0
39530,6122,0,0,0,0,0
39531,5934,0,0,0,0,0
39532,5581,0,0,0,0,0
39533,25904,0,0,0,0,0
39534,5570,0,1073741824,0,0,0
39535,5255,0,0,0,0,0
39536,28535,0,0,0,0,0
39537,6119,0,0,0,0,0
39539,6065,-1,0,0,134217728,0
39543,28539,0,0,0,0,0
39544,25673,0,0,0,0,0
39545,25674,0,0,0,0,0
39546,7294,1,0,0,0,0
39548,6785,-1,0,0,1,0
39549,6548,-1,0,0,196608,0
39552,6770,-1,0,0,536870912,0
39553,6147,0,0,0,0,0
39554,6346,-1,134217728,0,0,0
39555,6783,-1,0,0,1,0
39556,6572,-1,0,0,131072,0
39557,6547,-1,0,0,196608,0
39558,9745,-1,0,0,144,0
39559,6545,0,0,0,0,0
39560,7384,-1,0,0,65536,0
39562,7128,-1,0,0,134217728,0
39563,24815,0,0,0,0,0
39564,6756,-1,1073741824,0,2,0
39565,6552,-1,0,0,262144,0
39569,29463,0,0,0,0,0
39570,6964,0,0,0,0,0
39571,6965,0,0,0,0,0
39573,24806,0,0,0,0,0
39574,6966,0,0,0,0,0
39575,6778,-1,1073741824,0,2,0
39576,6780,-1,2,0,1073741824,0
39577,6343,-1,0,0,65536,0
39579,6345,0,0,0,0,0
39580,6178,-1,0,0,65536,0
39581,6795,-1,0,0,144,0
39583,6793,-1,0,0,1,0
39584,6809,-1,0,0,144,0
39586,28541,0,0,0,0,0
39587,25743,0,0,0,0,0
39588,6798,-1,0,0,144,0
39589,6800,-1,0,0,1,0
39590,1006,-1,0,0,134217728,0
39591,7922,-1,0,0,65536,0
39592,25999,-1,0,0,144,0
39593,26000,0,0,0,0,0
39594,992,-1,0,0,134217728,0
39595,7373,-1,0,0,327680,0
39596,8949,-1,2,0,1073741824,0
39598,6807,-1,0,0,144,0
39600,7887,-1,0,0,65536,0
39601,26005,0,0,0,0,0
39602,8375,0,0,0,0,0
39604,7402,-1,0,0,65536,0
39605,1032,0,0,0,0,0
39606,8972,-1,0,0,144,0
39607,8951,-1,2,0,1073741824,0
39609,7371,0,0,0,0,0
39610,28547,0,0,0,0,0
39611,6560,0,0,0,0,0
39613,8955,-1,2,0,1073741824,0
39614,6066,-1,0,0,134217728,0
39615,7092,-1,0,0,8192,0
39616,1079,-1,0,0,1,0
39617,7379,-1,0,0,131072,0
39618,28542,0,0,0,0,0
39619,28574,0,0,0,0,0
39620,7744,-1,0,0,134217728,0
39621,7400,-1,0,0,65536,0
39622,7155,0,0,0,0,0
39623,7211,0,0,0,0,0
39624,7585,0,0,0,0,0
39625,8676,-1,0,0,536870912,0
39626,8104,-1,0,0,134217728,0
39628,9493,-1,0,0,1,0
39630,8129,-1,0,0,134217728,0
39632,9173,0,0,0,0,0
39633,8105,-1,0,0,134217728,0
39634,8106,-1,0,0,134217728,0
39635,8631,-1,0,0,536870912,0
39636,29659,0,0,0,0,0
39637,8632,-1,0,0,536870912,0
39638,600,-1,0,0,134217728,0
39639,27027,0,0,0,0,0
39640,643,0,0,0,0,0
39641,8914,-1,0,0,1073741826,0
39642,7370,0,0,0,0,0
39644,8204,-1,0,0,65536,0
39645,6574,-1,0,0,131072,0
39646,6808,-1,0,0,144,0
39647,8192,-1,0,0,134217728,0
39648,6787,-1,0,0,1,0
39649,6788,-1,0,0,1,0
39650,7372,-1,0,0,327680,0
39651,8131,-1,0,0,134217728,0
39652,8918,-1,1073741824,0,2,0
39653,26003,0,0,0,0,0
39654,26004,0,0,0,0,0
39656,8122,-1,0,0,134217728,0
39657,8983,-1,0,0,144,0
39658,28560,0,0,0,0,0
39659,8205,-1,0,0,65536,0
39660,8725,-1,0,0,536870912,0
39661,9856,-1,1073741824,0,2,0
39662,9913,-1,0,0,1,0
39663,9857,-1,1073741824,0,2,0
39664,9845,-1,0,0,1,0
39665,9846,-1,0,0,1,0
39666,8936,-1,1073741824,0,2,0
39667,9484,-1,0,0,134217728,0
39668,9634,0,1073741824,0,0,0
39669,25748,0,0,0,0,0
39670,25998,0,0,0,0,0
39671,9578,-1,0,0,134217728,0
39672,9756,-1,0,0,1073741826,0
39673,28561,0,0,0,0,0
39674,9635,-1,0,0,128,0
39675,14914,-1,134217728,0,0,0
39676,9835,-1,2,0,1073741824,0
39677,9485,-1,0,0,134217728,0
39678,9453,0,0,0,0,0
39679,1719,-1,0,0,262144,0
39680,9850,-1,0,0,1,0
39681,8732,0,0,0,0,0
39682,9821,-1,0,0,1,0
39683,9135,0,0,0,0,0
39684,8905,-1,2,0,1073741824,0
39685,28995,0,0,0,0,0
39686,9833,-1,2,0,1073741824,0
39687,10951,-1,0,0,134217728,0
39688,9758,-1,1073741824,0,2,0
39689,8921,-1,2,0,1073741824,0
39691,8924,-1,2,0,1073741824,0
39692,8938,-1,1073741824,0,2,0
39693,8939,-1,1073741824,0,2,0
39694,8103,-1,0,0,134217728,0
39695,9907,-1,2,0,1073741824,0
39696,8633,-1,0,0,536870912,0
39697,8929,-1,2,0,1073741824,0
39698,8195,0,0,0,0,0
39699,8198,-1,0,0,65536,0
39700,9000,-1,0,0,1,0
39701,8926,-1,2,0,1073741824,0
39702,9904,-1,0,0,1,0
39703,8927,-1,2,0,1073741824,0
39705,8946,-1,1073741824,0,2,0
39706,8903,-1,1073741824,0,2,0
39707,8928,-1,2,0,1073741824,0
39708,8998,-1,0,0,1,0
39709,8124,-1,0,0,134217728,0
39710,9862,-1,1073741824,0,2,0
39711,8992,-1,0,0,1,0
39712,17,-1,0,0,134217728,0
39713,9839,-1,1073741824,0,2,0
39714,9841,-1,1073741824,0,2,0
39715,8925,-1,2,0,1073741824,0
39716,9849,-1,0,0,1,0
39717,8724,-1,0,0,536870912,0
39718,9823,-1,0,0,1,0
39719,9827,-1,0,0,1,0
39720,9910,-1,0,0,1073741826,0
39721,9912,-1,2,0,1073741824,0
39722,8092,-1,0,0,134217728,0
39724,13491,-1,0,0,65536,0
39725,10892,-1,0,0,134217728,0
39726,9866,-1,0,0,1,0
39727,9898,-1,0,0,144,0
39728,9901,-1,2,0,1073741824,0
39729,10797,-1,0,0,134217728,0
39730,10898,-1,0,0,134217728,0
39731,29051,0,0,0,0,0
39732,10900,-1,0,0,134217728,0
39733,9875,-1,2,0,1073741824,0
39734,9867,-1,0,0,1,0
39735,10957,-1,0,0,134217728,0
39736,9347,0,0,0,0,0
39737,8950,-1,2,0,1073741824,0
39738,10911,-1,0,0,134217728,0
39739,26181,0,0,0,0,0
39740,8907,-1,1073741824,0,2,0
39742,10301,1,0,0,0,0
39743,9863,-1,1073741824,0,2,0
39744,10958,-1,0,0,134217728,0
39746,694,-1,0,0,65536,0
39747,10292,0,0,0,0,0
39748,10293,0,0,0,0,0
39749,9894,-1,0,0,1,0
39750,8910,-1,1073741824,0,2,0
39751,8940,-1,1073741824,0,2,0
39752,8941,-1,1073741824,0,2,0
39753,10300,1,0,0,0,0
39754,10899,-1,0,0,134217728,0
39755,9896,-1,0,0,1,0
39757,9840,-1,1073741824,0,2,0
39758,10963,-1,134217728,0,-2147483648,0
39759,10964,-1,134217728,0,-2147483648,0
39760,9908,-1,0,0,144,0
39761,9830,-1,0,0,1,0
39762,9881,-1,0,0,144,0
39763,9884,-1,1073741824,0,2,0
39764,10965,-1,134217728,0,-2147483648,0
39765,9035,-1,0,0,134217728,0
39766,9472,-1,134217728,0,-2147483648,0
39767,9473,-1,134217728,0,-2147483648,0
39768,9474,-1,134217728,0,-2147483648,0
39770,9834,-1,2,0,1073741824,0
39772,26101,0,0,0,0,0
39774,9829,-1,0,0,1,0
39775,10961,-1,134217728,0,-2147483648,0
39776,9876,-1,2,0,1073741824,0
39777,9579,-1,0,0,134217728,0
39778,10901,-1,0,0,134217728,0
39780,9858,-1,1073741824,0,2,0
39781,9754,-1,0,0,144,0
39782,10952,-1,0,0,134217728,0
39785,9005,-1,0,0,1,0
39786,9885,-1,1073741824,0,2,0
39787,9880,-1,0,0,144,0
39789,11591,0,0,0,0,0
39790,10953,-1,0,0,134217728,0
39791,26287,0,0,0,0,0
39792,10946,-1,0,0,134217728,0
39793,28961,0,0,0,0,0
39794,11581,-1,0,0,65536,0
39795,14912,-1,134217728,0,0,0
39796,10941,-1,0,0,134217728,0
39797,10938,-1,0,0,134217728,0
39798,10942,-1,0,0,134217728,0
39799,11585,-1,0,0,65536,0
39800,28605,0,0,0,0,0
39805,11578,-1,0,0,65536,0
39806,22195,0,0,0,0,0
39807,9892,-1,0,0,1,0
39808,10927,-1,134217728,0,-2147483648,0
39810,10928,-1,134217728,0,-2147483648,0
39811,10894,-1,0,0,134217728,0
39812,10291,0,0,0,0,0
39813,10874,-1,0,0,134217728,0
39814,10875,-1,0,0,134217728,0
39816,10912,-1,0,0,134217728,0
39817,10909,-1,0,0,134217728,0
39818,22196,0,0,0,0,0
39819,10881,-1,134217728,0,0,0
39820,10955,-1,0,0,134217728,0
39821,22201,0,0,0,0,0
39822,22202,0,0,0,0,0
39823,10888,-1,0,0,134217728,0
39824,10947,-1,0,0,134217728,0
39825,10929,-1,134217728,0,-2147483648,0
39826,28601,0,0,0,0,0
39827,10915,-1,134217728,0,-2147483648,0
39828,10916,-1,134217728,0,-2147483648,0
39829,10933,-1,134217728,0,0,0
39830,10917,-1,134217728,0,-2147483648,0
39831,10290,0,0,0,0,0
39832,10880,-1,134217728,0,0,0
39833,10876,-1,0,0,134217728,0
39834,26100,0,0,0,0,0
39835,10934,-1,134217728,0,0,0
39836,10890,-1,0,0,134217728,0
39837,10893,-1,0,0,134217728,0
39838,10960,-1,134217728,0,-2147483648,0
39839,11413,0,0,0,0,0
39840,11414,0,0,0,0,0
39841,20783,0,0,0,0,0
39842,29520,0,0,0,0,0
39843,11415,0,0,0,0,0
39844,12303,-1,0,0,131072,0
39845,10937,-1,0,0,134217728,0
39846,10298,1,0,0,0,0
39847,10299,1,0,0,0,0
39848,12791,-1,0,0,131072,0
39849,11580,-1,0,0,65536,0
39850,10945,-1,0,0,134217728,0
39851,11593,0,0,0,0,0
39852,12292,-1,0,0,65536,0
39853,11600,-1,0,0,131072,0
39854,12789,-1,0,0,131072,0
39855,11573,-1,0,0,196608,0
39856,11574,-1,0,0,196608,0
39857,11601,-1,0,0,131072,0
39859,11289,-1,0,0,536870912,0
39860,11290,-1,0,0,536870912,0
39861,11572,-1,0,0,196608,0
39862,11584,-1,0,0,65536,0
39863,11268,-1,0,0,536870912,0
39864,11327,-1,0,0,536870912,0
39865,11269,-1,0,0,536870912,0
39867,12788,-1,0,0,131072,0
39868,12792,-1,0,0,131072,0
39869,11329,-1,0,0,536870912,0
39870,13896,-1,0,0,134217728,0
39871,13532,-1,0,0,65536,0
39872,11267,-1,0,0,536870912,0
39873,14291,0,0,0,0,0
39875,14913,-1,134217728,0,0,0
39876,13022,0,0,0,0,0
39877,11297,-1,0,0,536870912,0
39879,18759,0,0,0,0,0
39880,26064,0,0,0,0,0
39881,23945,0,0,0,0,0
39882,21094,0,0,0,0,0
39883,12161,-1,0,0,8192,0
39884,25749,0,0,0,0,0
39885,14911,-1,134217728,0,0,0
39886,15261,-1,134217728,0,0,0
39887,15264,-1,134217728,0,0,0
39888,15263,-1,134217728,0,0,0
39889,31362,0,0,0,0,0
39890,21054,0,0,0,0,0
39891,592,-1,0,0,134217728,0
39892,13908,-1,134217728,0,0,0
39893,30893,0,0,0,0,0
39894,30892,0,0,0,0,0
39895,23387,0,0,0,0,0
39896,15014,-1,134217728,0,0,0
39899,14818,-1,0,0,134217728,0
39900,14819,-1,0,0,134217728,0
39901,21136,0,0,0,0,0
39902,15018,-1,134217728,0,0,0
39903,15019,-1,134217728,0,0,0
39904,15020,-1,134217728,0,0,0
39905,15362,-1,134217728,0,0,0
39906,17057,0,0,0,0,0
39907,14908,-1,134217728,0,0,0
39908,14909,-1,134217728,0,0,0
39910,28614,0,0,0,0,0
39911,28615,0,0,0,0,0
39913,14183,-1,0,0,536870912,0
39914,15025,-1,134217728,0,0,0
39916,15237,-1,134217728,0,0,0
39917,26976,0,0,0,0,0
39918,15017,-1,134217728,0,0,0
39919,14904,-1,134217728,0,0,0
39920,21139,0,0,0,0,0
39921,15265,-1,134217728,0,0,0
39922,14898,-1,134217728,0,0,0
39923,14901,-1,134217728,0,0,0
39924,14902,-1,0,0,536870912,0
39925,15029,-1,134217728,0,0,0
39926,14889,-1,134217728,0,0,0
39927,15030,-1,134217728,0,0,0
39928,15031,-1,134217728,0,0,0
39929,15010,-1,134217728,0,0,0
39930,14892,-1,134217728,0,0,0
39931,25752,0,0,0,0,0
39932,17269,0,0,0,0,0
39933,17270,0,0,0,0,0
39934,17271,0,0,0,0,0
39935,14751,-1,0,0,134217728,0
39937,17123,0,0,0,0,0
39938,15012,-1,134217728,0,0,0
39939,15013,-1,134217728,0,0,0
39940,21110,0,0,0,0,0
39941,21112,0,0,0,0,0
39942,15356,-1,134217728,0,0,0
39943,14297,0,0,0,0,0
39945,15266,-1,134217728,0,0,0
39946,15267,-1,134217728,0,0,0
39948,25751,0,0,0,0,0
39949,30167,0,0,0,0,0
39951,17170,0,0,0,0,0
39952,25192,0,0,0,0,0
39953,25193,0,0,0,0,0
39955,18767,0,0,0,0,0
39956,15727,-1,0,0,8192,0
39958,15363,-1,134217728,0,0,0
39959,15431,-1,134217728,0,0,0
39960,14752,-1,0,0,134217728,0
39961,15487,-1,0,0,134217728,0
39962,23388,0,0,0,0,0
39963,15349,-1,134217728,0,0,0
39964,17447,0,0,0,0,0
39965,19451,0,0,0,0,0
39966,15028,-1,134217728,0,0,0
39967,15354,-1,134217728,0,0,0
39968,19256,0,0,0,0,0
39970,15262,-1,134217728,0,0,0
39972,17311,-1,0,0,134217728,0
39974,18761,0,0,0,0,0
39975,15011,-1,134217728,0,0,0
39977,17772,0,0,0,0,0
39978,16722,0,0,0,0,0
39979,16787,0,0,0,0,0
39983,17111,0,0,0,0,0
39984,17117,0,0,0,0,0
39986,16735,0,0,0,0,0
39987,16736,0,0,0,0,0
39988,8102,-1,0,0,134217728,0
39990,21111,0,0,0,0,0
39992,21114,0,0,0,0,0
39993,21115,0,0,0,0,0
39995,21113,0,0,0,0,0
39996,16689,-1,0,0,1073741826,0
39997,18873,0,0,0,0,0
39998,16872,0,0,0,0,0
39999,21009,0,0,0,0,0
40003,18805,0,0,0,0,0
40005,17124,0,0,0,0,0
40007,15024,-1,134217728,0,0,0
40008,15026,-1,134217728,0,0,0
40009,15027,-1,134217728,0,0,0
40010,15008,-1,134217728,0,0,0
40011,18768,0,0,0,0,0
40015,15009,-1,134217728,0,0,0
40016,16843,0,0,0,0,0
40017,16954,0,0,0,1,0
40023,17160,0,0,0,0,0
40026,19458,0,0,0,0,0
40028,25753,0,0,0,0,0
40029,17334,0,0,0,0,0
40030,16714,0,0,0,0,0
40031,16715,0,0,0,0,0
40033,17806,0,0,0,0,0
40034,18775,0,0,0,0,0
40035,18790,0,0,0,0,0
40038,16329,-1,0,0,134217728,0
40041,18829,0,0,0,0,0
40042,16738,0,0,0,0,0
40043,15355,-1,134217728,0,0,0
40044,16793,0,0,0,0,0
40045,16953,-1,0,0,1,0
40046,25754,0,0,0,0,0
40047,15407,-1,0,0,134217728,0
40049,16053,-1,0,0,134217728,0
40051,17136,0,0,0,0,0
40052,15430,-1,134217728,0,0,0
40053,20218,6,0,0,0,0
40054,16813,-1,0,0,1073741826,0
40056,16950,-1,0,0,145,0
40057,17250,0,0,0,0,0
40058,16958,0,0,0,144,0
40059,17236,0,0,0,0,0
40060,18757,0,0,0,0,0
40061,16861,0,0,0,0,0
40062,16959,0,0,0,144,0
40064,16944,0,0,0,145,0
40065,17058,0,0,0,0,0
40066,16812,-1,0,0,1073741826,0
40067,18758,0,0,0,0,0
40069,17055,0,0,0,0,0
40070,16968,0,0,0,0,0
40072,16940,0,0,0,0,0
40073,16941,0,0,0,0,0
40075,16933,0,0,0,0,0
40076,16858,0,0,0,0,0
40078,16942,0,0,0,145,0
40080,21150,0,0,0,0,0
40081,16860,0,0,0,0,0
40082,16734,0,0,0,0,0
40084,17189,0,0,0,0,0
40085,17163,0,0,0,0,0
40090,18869,0,0,0,0,0
40091,18870,0,0,0,0,0
40093,18830,0,0,0,0,0
40094,17249,0,0,0,0,0
40095,17251,0,0,0,0,0
40098,28618,0,0,0,0,0
40099,16979,-1,0,0,144,0
40100,16919,0,0,0,0,0
40101,16920,0,0,0,0,0
40102,17787,0,0,0,0,0
40103,17352,0,0,0,0,0
40104,17370,0,0,0,0,0
40106,17132,0,0,0,0,0
40110,16839,0,0,0,0,0
40112,17107,0,0,0,0,0
40113,17108,0,0,0,0,0
40114,17743,0,0,0,0,0
40115,16975,0,0,0,0,0
40117,17783,0,0,0,0,0
40118,17784,0,0,0,0,0
40120,16943,0,0,0,145,0
40121,17131,0,0,0,0,0
40123,17390,-1,0,0,145,0
40126,16862,0,0,0,0,0
40127,16869,0,0,0,0,0
40130,17244,0,0,0,0,0
40132,16865,0,0,0,0,0
40133,25108,0,0,0,0,0
40134,16739,0,0,0,0,0
40135,17061,0,0,0,0,0
40136,17239,0,0,0,0,0
40137,16929,0,0,0,0,0
40139,18115,0,0,0,0,0
40142,18116,0,0,0,0,0
40143,16966,0,0,0,0,0
40144,17392,-1,0,0,145,0
40146,17014,0,0,0,0,0
40147,16737,0,0,0,0,0
40149,17749,0,0,0,0,0
40150,16974,0,0,0,0,0
40153,17186,0,0,0,0,0
40154,16801,0,0,0,0,0
40156,17808,0,0,0,0,0
40157,16961,0,0,0,144,0
40158,16922,0,0,0,0,0
40159,17048,0,0,0,0,0
40160,17133,0,0,0,0,0
40161,17159,0,0,0,0,0
40164,16771,0,0,0,0,0
40168,17134,0,0,0,0,0
40169,17106,0,0,0,0,0
40172,17237,0,0,0,0,0
40173,17241,0,0,0,0,0
40174,17242,0,0,0,0,0
40176,16757,0,0,0,0,0
40178,16952,0,0,0,1,0
40179,17224,0,0,0,0,0
40180,17225,0,0,0,0,0
40181,17731,0,0,0,0,0
40183,16932,0,0,0,0,0
40185,16758,0,0,0,0,0
40187,16844,0,0,0,0,0
40188,17009,0,0,0,0,0
40192,17785,0,0,0,0,0
40194,16930,0,0,0,0,0
40195,17094,0,0,0,0,0
40197,21116,0,0,0,0,0
40199,17285,0,0,0,0,0
40200,16931,0,0,0,0,0
40201,17051,0,0,0,0,0
40203,17060,0,0,0,0,0
40204,17773,0,0,0,0,0
40205,17774,0,0,0,0,0
40207,25141,0,0,0,144,0
40208,17314,-1,0,0,134217728,0
40212,16914,-1,2,0,1073741824,0
40213,17786,0,0,0,0,0
40215,16840,0,0,0,0,0
40216,17168,0,0,0,0,0
40217,17052,0,0,0,0,0
40219,17278,0,0,0,0,0
40220,16972,0,0,0,0,0
40221,17054,0,0,0,0,0
40222,18500,0,0,0,0,0
40223,17086,0,0,0,0,0
40224,17087,0,0,0,0,0
40225,17088,0,0,0,0,0
40226,17449,0,0,0,0,0
40227,17372,0,0,0,0,0
40228,18269,0,0,0,0,0
40229,17961,0,0,0,0,0
40231,17321,0,0,0,0,0
40232,17813,0,0,0,0,0
40233,18582,0,0,0,0,0
40234,17669,0,0,0,0,0
40235,18142,0,0,0,0,0
40238,18578,0,0,0,0,0
40239,18588,0,0,0,0,0
40240,18502,0,0,0,0,0
40241,17812,0,0,0,0,0
40246,17402,-1,2,0,1073741824,0
40247,17451,0,0,0,0,0
40248,17401,-1,2,0,1073741824,0
40250,18118,0,0,0,0,0
40251,18213,0,0,0,0,0
40252,17200,0,0,0,0,0
40253,17368,0,0,0,0,0
40256,17002,0,0,0,1,0
40257,17003,0,0,0,0,0
40259,18125,-1,0,0,134217728,0
40260,17114,0,0,0,0,0
40261,18827,0,0,0,0,0
40263,17932,0,0,0,0,0
40266,17190,0,0,0,0,0
40267,18137,-1,0,0,134217728,0
40268,18152,0,0,0,0,0
40270,17408,0,0,0,0,0
40271,19276,-1,0,0,134217728,0
40272,17446,0,0,0,0,0
40273,23057,0,0,0,0,0
40274,17252,0,0,0,0,0
40276,17166,0,0,0,0,0
40277,17167,0,0,0,0,0
40279,17507,0,0,0,0,0
40280,18867,0,0,0,0,0
40281,18868,0,0,0,0,0
40282,17319,0,0,0,0,0
40284,17053,0,0,0,0,0
40285,17810,0,0,0,0,0
40291,17050,0,0,0,0,0
40292,17607,0,0,0,0,0
40293,17668,0,0,0,0,0
40294,23065,0,0,0,0,0
40295,18179,0,0,0,0,0
40297,18183,0,0,0,0,0
40299,17085,0,0,0,0,0
40300,17487,0,0,0,0,0
40301,17488,0,0,0,0,0
40302,17877,0,0,0,0,0
40303,17391,-1,0,0,145,0
40305,25832,0,0,0,0,0
40306,17091,0,0,0,0,0
40307,17092,0,0,0,0,0
40309,16818,0,0,0,0,0
40310,16796,0,0,0,0,0
40314,17097,0,0,0,0,0
40315,17099,0,0,0,0,0
40317,16947,-1,0,0,145,0
40318,17226,0,0,0,0,0
40319,17240,0,0,0,0,0
40321,17093,0,0,0,0,0
40322,17095,0,0,0,0,0
40324,17245,0,0,0,0,0
40325,17448,0,0,0,0,0
40327,16836,0,0,0,0,0
40328,16949,-1,0,0,145,0
40329,17004,0,0,0,0,0
40332,18223,0,0,0,0,0
40333,16716,0,0,0,0,0
40334,16717,0,0,0,0,0
40335,16948,-1,0,0,145,0
40336,18141,-1,0,0,134217728,0
40338,16711,0,0,0,0,0
40339,16712,0,0,0,0,0
40341,19496,0,0,0,0,0
40342,18139,0,0,0,0,0
40344,16814,0,0,0,0,0
40345,16864,-1,0,0,1073741826,0
40347,17672,0,0,0,0,0
40350,17006,0,0,0,0,0
40351,17007,0,0,0,0,0
40352,17863,0,0,0,0,0
40353,17864,0,0,0,0,0
40354,17313,-1,0,0,134217728,0
40355,17115,0,0,0,0,0
40356,17116,-1,1073741824,0,2,0
40359,17059,0,0,0,0,0
40360,17202,0,0,0,0,0
40361,17056,0,0,0,0,0
40367,18135,0,0,0,0,0
40368,18136,0,0,0,0,0
40370,26975,0,0,0,0,0
40371,17312,-1,0,0,134217728,0
40372,17943,0,0,0,0,0
40373,17489,0,0,0,0,0
40374,17089,0,0,0,0,0
40376,21117,0,0,0,0,0
40377,17329,-1,0,0,1073741826,0
40378,17090,0,0,0,0,0
40379,17081,0,0,0,0,0
40381,17248,0,0,0,0,0
40383,17246,0,0,0,0,0
40384,17247,0,0,0,0,0
40385,18127,0,0,0,0,0
40389,17508,0,0,0,0,0
40390,17191,-1,134217728,0,0,0
40393,17112,0,0,0,0,0
40394,19492,0,0,0,0,0
40396,23056,0,0,0,0,0
40398,17471,0,0,0,0,0
40399,17472,0,0,0,0,0
40400,17113,0,0,0,0,0
40401,17328,0,0,0,0,0
40402,16857,-1,0,0,145,0
40403,17178,0,0,0,0,0
40404,17179,0,0,0,0,0
40406,26191,0,0,0,0,0
40408,16815,0,0,0,0,0
40409,16816,0,0,0,0,0
40410,16859,0,0,0,0,0
40412,16811,-1,0,0,1073741826,0
40413,16809,0,0,0,0,0
40414,17310,0,0,0,0,0
40417,16951,-1,0,0,145,0
40418,16817,0,0,0,0,0
40419,26182,0,0,0,0,0
40420,16810,-1,0,0,1073741826,0
40421,18625,0,0,0,0,0
40422,18626,0,0,0,0,0
40423,18627,0,0,0,0,0
40424,20104,0,0,0,0,0
40426,18391,0,0,0,0,0
40427,20101,0,0,0,0,0
40428,20102,0,0,0,0,0
40429,20103,0,0,0,0,0
40430,17691,0,0,0,0,0
40431,20105,0,0,0,0,0
40433,18976,2,0,0,0,0
40434,23992,0,0,0,0,0
40435,19236,-1,134217728,0,0,0
40436,19237,0,0,0,0,0
40437,19238,-1,134217728,0,0,0
40438,18552,0,0,0,0,0
40439,17616,0,0,0,0,0
40440,19240,-1,134217728,0,0,0
40441,18666,0,0,0,0,0
40443,18974,0,0,0,0,0
40445,18362,0,0,0,0,0
40446,18573,0,0,0,0,0
40447,19407,0,0,0,0,0
40448,19304,-1,0,0,134217728,0
40450,19305,-1,0,0,134217728,0
40451,19031,0,0,0,0,0
40452,18592,0,0,0,0,0
40453,18593,0,0,0,0,0
40454,17648,0,0,0,0,0
40455,19384,0,0,0,0,0
40456,17811,0,0,0,0,0
40457,17814,0,0,0,0,0
40459,19720,0,0,0,0,0
40460,19721,0,0,0,0,0
40461,17609,0,0,0,0,0
40462,17610,0,0,0,0,0
40466,19275,-1,0,0,134217728,0
40467,18347,0,0,0,0,0
40468,18594,0,0,0,0,0
40469,18705,0,0,0,0,0
40470,18706,0,0,0,0,0
40471,18707,0,0,0,0,0
40472,19233,0,0,0,0,0
40473,18595,0,0,0,0,0
40474,18597,0,0,0,0,0
40475,18598,0,0,0,0,0
40476,18530,0,134217728,0,0,0
40477,19719,0,0,0,0,0
40478,18534,0,134217728,0,0,0
40480,18952,0,0,0,0,0
40481,18953,0,0,0,0,0
40483,19397,0,0,0,0,0
40484,19385,0,0,0,0,0
40485,18394,0,0,0,0,0
40486,18599,0,0,0,0,0
40491,18126,0,0,0,0,0
40492,17431,0,0,0,0,0
40493,19255,0,0,0,0,0
40494,18352,0,0,0,0,0
40499,19377,0,0,0,0,0
40501,19370,0,0,0,0,0
40502,19371,0,0,0,0,0
40503,18569,0,0,0,0,0
40504,18570,0,0,0,0,0
40506,18535,0,134217728,0,0,0
40507,17080,0,0,0,0,0
40508,18628,0,0,0,0,0
40509,18373,0,0,0,0,0
40510,18611,0,0,0,0,0
40511,19257,0,0,0,0,0
40512,17005,0,0,0,0,0
40513,19797,0,0,0,0,0
40514,19798,0,0,0,0,0
40515,18531,0,134217728,0,0,0
40516,18349,0,0,0,0,0
40517,19258,0,0,0,0,0
40518,19259,0,0,0,0,0
40519,18353,0,0,0,0,0
40520,17291,0,0,0,0,0
40521,19376,0,0,0,0,0
40522,18351,0,0,0,0,0
40523,18616,0,0,0,0,0
40524,18596,0,0,0,0,0
40525,18603,0,0,0,0,0
40526,19232,0,0,0,0,0
40528,19395,0,0,0,0,0
40529,17931,0,0,0,0,0
40530,18621,0,0,0,0,0
40532,19408,0,0,0,0,0
40533,19383,0,0,0,0,0
40534,18546,0,0,0,0,0
40537,18650,0,0,0,0,0
40538,18459,0,0,0,0,0
40539,18460,0,0,0,0,0
40540,17430,0,0,0,0,0
40543,19801,0,0,0,0,0
40546,18425,-1,0,0,134217728,0
40547,17690,0,0,0,0,0
40548,19390,0,0,0,0,0
40549,18789,0,0,0,0,0
40550,17683,0,0,0,0,0
40551,19273,-1,0,0,134217728,0
40552,17804,0,0,0,0,0
40553,19241,-1,134217728,0,0,0
40556,18431,0,0,0,0,0
40557,18443,0,0,0,0,0
40559,18533,0,134217728,0,0,0
40561,18463,0,0,0,0,0
40563,17621,0,0,0,0,0
40564,17622,0,0,0,0,0
40565,17608,0,0,0,0,0
40566,18464,0,0,0,0,0
40567,18565,0,0,0,0,0
40569,18498,-1,0,0,134217728,0
40570,18499,-1,0,0,262144,0
40571,17944,0,0,0,0,0
40572,18096,0,0,0,0,0
40573,19242,-1,134217728,0,0,0
40574,17689,0,0,0,0,0
40578,18181,0,0,0,0,0
40579,20271,0,0,0,0,0
40580,17698,0,0,0,0,0
40581,18393,0,0,0,0,0
40582,17946,0,0,0,0,0
40583,19265,-1,0,0,134217728,0
40584,18110,0,0,0,0,0
40586,18182,0,0,0,0,0
40587,17649,0,0,0,0,0
40588,17667,0,0,0,0,0
40589,17671,0,0,0,0,0
40590,17674,0,0,0,0,0
40591,17692,0,0,0,0,0
40593,19266,-1,0,0,134217728,0
40595,17748,0,0,0,0,0
40596,17805,0,0,0,0,0
40597,17807,0,0,0,0,0
40598,17675,0,0,0,0,0
40599,20742,-1,1073741824,0,2,0
40600,18571,0,0,0,0,0
40601,18572,0,0,0,0,0
40602,18589,0,0,0,0,0
40603,18590,0,0,0,0,0
40604,18591,0,0,0,0,0
40605,19239,0,0,0,0,0
40606,18380,0,0,0,0,0
40607,18801,0,0,0,0,0
40608,18804,0,0,0,0,0
40610,17950,0,0,0,0,0
40611,18354,0,0,0,0,0
40612,18355,0,0,0,0,0
40613,18356,0,0,0,0,0
40615,18652,0,0,0,0,0
40616,18653,0,0,0,0,0
40617,18654,0,0,0,0,0
40618,18551,0,0,0,0,0
40619,19235,0,0,0,0,0
40620,19243,-1,134217728,0,0,0
40621,18574,0,0,0,0,0
40622,18575,0,0,0,0,0
40623,18576,0,0,0,0,0
40624,18579,0,0,0,0,0
40625,17927,0,0,0,0,0
40626,17452,0,0,0,0,0
40627,17939,0,0,0,0,0
40630,17960,0,0,0,0,0
40631,18580,0,0,0,0,0
40632,18375,0,0,0,0,0
40634,19029,0,0,0,0,0
40636,18114,0,0,0,0,0
40638,18541,0,0,0,0,0
40639,23920,0,0,0,196608,0
40642,18655,0,0,0,0,0
40643,19262,-1,0,0,134217728,0
40644,19263,0,0,0,0,0
40645,19277,-1,0,0,134217728,0
40646,19278,-1,0,0,134217728,0
40647,18361,0,0,0,0,0
40650,18657,-1,2,0,1073741824,0
40653,18658,-1,2,0,1073741824,0
40655,23064,0,0,0,0,0
40656,17619,0,0,0,0,0
40658,17929,0,0,0,0,0
40659,17930,0,0,0,0,0
40660,18113,0,0,0,0,0
40662,18430,0,0,0,0,0
40667,23460,0,0,0,0,0
40669,17512,0,0,0,0,0
40670,17445,0,0,0,0,0
40671,17676,0,0,0,0,0
40672,18180,0,0,0,0,0
40673,18476,0,0,0,0,0
40674,17045,0,0,0,0,0
40675,20662,-1,0,0,327680,0
40676,19713,0,0,0,0,0
40678,19424,0,0,0,0,0
40680,22805,0,0,0,0,0
40681,18700,0,0,0,0,0
40682,18701,0,0,0,0,0
40683,18810,0,0,0,0,0
40684,18811,0,0,0,0,0
40685,18969,0,0,0,0,0
40686,18613,0,0,0,0,0
40687,19457,0,0,0,0,0
40688,20593,0,0,0,0,0
40690,19454,0,0,0,0,0
40691,22806,0,0,0,0,0
40692,18617,0,0,0,0,0
40693,18618,0,0,0,0,0
40695,19871,0,0,0,0,0
40696,19827,0,0,0,0,0
40697,19373,0,0,0,0,0
40698,19250,0,0,0,0,0
40700,20474,0,0,0,0,0
40701,19245,0,0,0,0,0
40704,18973,0,0,0,0,0
40705,19150,0,0,0,0,0
40706,19870,0,0,0,0,0
40707,19032,0,0,0,0,0
40708,18792,0,0,0,0,0
40709,18986,0,0,0,0,0
40710,19486,0,0,0,0,0
40715,19900,5,0,0,0,0
40716,18971,0,0,0,0,0
40717,20592,0,0,0,0,0
40718,19279,-1,0,0,134217728,0
40719,19714,0,0,0,0,0
40721,18703,0,0,0,0,0
40722,18704,0,0,0,0,0
40723,19096,0,0,0,0,0
40724,19280,-1,0,0,134217728,0
40726,18987,0,0,0,0,0
40727,18994,0,0,0,0,0
40729,18871,0,0,0,0,0
40730,17948,0,0,0,0,0
40732,18383,0,0,0,0,0
40733,18585,0,0,0,0,0
40734,18357,0,0,0,0,0
40735,18358,0,0,0,0,0
40736,19292,-1,0,0,134217728,0
40737,19423,0,0,0,0,0
40738,19425,0,0,0,0,0
40739,19561,0,0,0,0,0
40740,19366,0,0,0,0,0
40741,18359,0,0,0,0,0
40742,18360,0,0,0,0,0
40743,19575,0,0,0,0,0
40744,19127,0,0,0,0,0
40745,19436,0,0,0,0,0
40746,26177,0,0,0,0,0
40748,19185,0,0,0,0,0
40749,19234,0,0,0,0,0
40751,18073,0,0,0,0,0
40752,19895,3,0,0,0,0
40753,19226,0,0,0,0,0
40754,19228,0,0,0,0,0
40755,19231,0,0,0,0,0
40757,19285,-1,0,0,134217728,0
40758,19698,0,0,0,0,0
40760,19710,0,0,0,0,0
40761,18600,0,0,0,0,0
40762,19421,0,0,0,0,0
40763,19422,0,0,0,0,0
40764,20477,0,0,0,0,0
40765,19508,0,0,0,0,0
40766,19509,0,0,0,0,0
40767,25676,0,0,0,0,0
40769,20587,0,0,0,0,0
40770,20590,0,0,0,0,0
40772,21100,0,0,0,0,0
40773,21107,0,0,0,0,0
40774,19512,0,0,0,0,0
40775,18874,0,0,0,0,0
40776,20000,0,0,0,0,0
40779,19705,0,0,0,0,0
40780,19708,0,0,0,0,0
40781,19711,0,0,0,0,0
40782,19621,0,0,0,0,0
40783,19660,0,0,0,0,0
40784,19414,0,0,0,0,0
40785,19372,0,0,0,0,0
40786,18614,0,0,0,0,0
40787,18615,0,0,0,0,0
40788,19510,0,0,0,0,0
40789,19511,0,0,0,0,0
40790,18601,0,0,0,0,0
40791,18794,0,0,0,0,0
40792,18372,0,0,0,0,0
40793,18587,0,0,0,0,0
40796,19271,-1,0,0,134217728,0
40798,18609,0,0,0,0,0
40799,18462,0,0,0,0,0
40800,18567,0,0,0,0,0
40801,18568,0,0,0,0,0
40803,18469,-1,0,0,134217728,0
40804,18566,0,0,0,0,0
40805,18694,0,0,0,0,0
40806,20725,0,0,0,0,0
40808,20761,2,0,0,0,0
40809,19824,0,0,0,0,0
40810,18936,0,0,0,0,0
40811,19497,0,0,0,0,0
40812,19369,0,0,0,0,0
40813,17673,0,0,0,0,0
40814,17486,0,0,0,0,0
40815,19826,0,0,0,0,0
40816,19381,0,0,0,0,0
40817,18887,0,0,0,0,0
40818,19629,0,0,0,0,0
40819,17677,0,0,0,0,0
40820,17678,0,0,0,0,0
40821,17679,0,0,0,0,0
40822,17680,0,0,0,0,0
40823,19461,0,0,0,0,0
40824,19462,0,0,0,0,0
40825,18602,0,0,0,0,0
40826,18975,0,0,0,0,0
40828,19396,0,0,0,0,0
40829,18581,0,0,0,0,0
40830,18583,0,0,0,0,0
40831,18584,0,0,0,0,0
40832,18791,0,0,0,0,0
40833,19299,-1,0,0,134217728,0
40834,19652,0,0,0,0,0
40835,19583,0,0,0,0,0
40836,19585,0,0,0,0,0
40837,20091,0,0,0,0,0
40838,18586,0,0,0,0,0
40839,26178,0,0,0,0,0
40840,18795,0,0,0,0,0
40842,18387,0,0,0,0,0
40844,17681,0,0,0,0,0
40847,19813,0,0,0,0,0
40849,28619,0,0,0,0,0
40850,19493,0,0,0,0,0
40851,19494,0,0,0,0,0
40852,17485,0,0,0,0,0
40854,18400,0,0,0,0,0
40855,18553,0,0,0,0,0
40856,18554,0,0,0,0,0
40857,18555,0,0,0,0,0
40858,19382,0,0,0,0,0
40859,19159,0,0,0,0,0
40861,18163,0,0,0,0,0
40862,18612,0,0,0,0,0
40863,18696,0,0,0,0,0
40864,18697,0,0,0,0,0
40865,18698,0,0,0,0,0
40866,18699,0,0,0,0,0
40867,18692,0,0,0,0,0
40868,18693,0,0,0,0,0
40869,20668,0,0,0,0,0
40872,18747,0,0,0,0,0
40873,19227,0,0,0,0,0
40874,18908,0,0,0,0,0
40876,19274,-1,0,0,134217728,0
40877,19308,-1,0,0,134217728,0
40878,19303,-1,0,0,134217728,0
40879,19229,0,0,0,0,0
40880,19230,0,0,0,0,0
40881,19491,0,0,0,0,0
40883,19264,-1,0,0,134217728,0
40884,18774,0,0,0,0,0
40885,18997,0,0,0,0,0
40886,18604,0,0,0,0,0
40887,18605,0,0,0,0,0
40888,18606,0,0,0,0,0
40889,18607,0,0,0,0,0
40890,18371,0,0,0,0,0
40891,18348,0,0,0,0,0
40892,18695,0,0,0,0,0
40894,19555,0,0,0,0,0
40895,19261,-1,0,0,134217728,0
40896,20718,0,0,0,0,0
40898,19272,0,0,0,0,0
40899,18619,0,0,0,0,0
40900,18620,0,0,0,0,0
40901,18622,0,0,0,0,0
40902,18623,0,0,0,0,0
40903,19282,-1,0,0,134217728,0
40904,18807,-1,0,0,134217728,0
40905,17611,0,0,0,0,0
40906,18954,0,0,0,0,0
40907,18562,0,1073741824,0,2,0
40908,18564,0,0,0,0,0
40909,19302,-1,0,0,134217728,0
40910,20671,0,0,0,0,0
40911,19549,0,0,0,0,0
40912,19550,0,0,0,0,0
40913,19630,0,0,0,0,0
40914,19665,0,0,0,0,0
40915,20054,0,0,0,0,0
40917,20053,0,0,0,0,0
40919,19551,0,0,0,0,0
40920,20027,0,0,0,0,0
40922,19415,0,0,0,0,0
40924,19456,0,0,0,0,0
40925,19507,0,0,0,0,0
40926,19610,0,0,0,0,0
40927,19637,0,0,0,0,0
40931,20624,0,0,0,0,0
40933,20342,0,0,0,0,0
40934,19584,0,0,0,0,0
40935,19586,0,0,0,0,0
40936,19609,0,0,0,0,0
40939,20167,0,0,0,0,0
40940,20172,0,0,0,0,0
40941,20249,0,0,0,0,0
40942,20041,0,0,0,0,0
40943,20042,0,0,0,0,0
40944,19631,0,0,0,0,0
40945,19938,0,0,0,0,0
40946,20625,0,0,0,0,0
40947,20037,0,0,0,0,0
40949,19770,0,0,0,0,0
40950,20583,0,0,0,0,0
40952,19592,0,0,0,0,0
40954,19773,0,0,0,0,0
40955,19527,0,0,0,0,0
40956,19898,4,0,0,0,0
40957,20770,-1,134217728,0,0,0
40958,20046,0,0,0,0,0
40959,20047,0,0,0,0,0
40961,19624,0,0,0,0,0
40962,19625,0,0,0,0,0
40963,19601,0,0,0,0,0
40964,18624,0,0,0,0,0
40965,20336,0,0,0,0,0
40966,19571,0,0,0,0,0
40967,19572,0,0,0,0,0
40968,19573,0,0,0,0,0
40971,18661,0,0,0,0,0
40972,19160,0,0,0,0,0
40976,20608,0,0,0,0,0
40977,19640,0,0,0,0,0
40978,19281,-1,0,0,134217728,0
40979,20235,0,0,0,0,0
40980,19616,0,0,0,0,0
40981,19617,0,0,0,0,0
40982,19607,0,0,0,0,0
40983,19608,0,0,0,0,0
40984,19655,0,0,0,0,0
40985,19602,0,0,0,0,0
40988,19656,0,0,0,0,0
40989,27569,0,0,0,0,0
40990,19869,0,0,0,0,0
40991,20045,0,0,0,0,0
40997,19410,0,0,0,0,0
40998,19623,0,0,0,0,0
40999,19618,0,0,0,0,0
41000,19897,4,0,0,0,0
41001,20245,0,0,0,0,0
41002,19599,0,0,0,0,0
41003,19600,0,0,0,0,0
41007,19654,0,0,0,0,0
41008,19619,0,0,0,0,0
41009,19635,0,0,0,0,0
41011,20244,0,0,0,0,0
41012,19768,0,0,0,0,0
41013,19620,0,0,0,0,0
41015,19574,0,0,0,0,0
41016,19653,0,0,0,0,0
41017,20310,0,0,0,0,0
41018,19596,0,0,0,0,0
41019,19622,0,0,0,0,0
41020,19873,0,0,0,0,0
41022,20512,0,0,0,0,0
41023,19455,0,0,0,0,0
41024,20254,0,0,0,0,0
41025,20050,0,0,0,0,0
41027,19612,0,0,0,0,0
41029,19614,0,0,0,0,0
41032,20052,0,0,0,0,0
41033,19774,0,0,0,0,0
41034,20534,0,0,0,0,0
41036,19726,5,0,0,0,0
41038,20333,0,0,0,0,0
41039,19746,2,0,0,0,0
41040,19876,3,0,0,0,0
41043,20529,0,0,0,0,0
41044,19135,0,0,0,0,0
41045,19367,0,0,0,0,0
41046,19478,0,0,0,0,0
41047,19479,0,0,0,0,0
41049,19937,0,0,0,0,0
41050,19896,3,0,0,0,0
41051,19899,5,0,0,0,0
41052,19587,0,0,0,0,0
41053,19588,0,0,0,0,0
41056,19812,0,0,0,0,0
41057,19810,0,0,0,0,0
41058,19516,0,0,0,0,0
41059,20250,0,0,0,0,0
41060,20253,-1,0,0,65536,0
41061,20263,0,0,0,0,0
41063,19473,0,0,0,0,0
41064,18977,0,0,0,0,0
41065,18978,0,0,0,0,0
41066,19658,0,0,0,0,0
41067,19659,0,0,0,0,0
41068,19722,0,0,0,0,0
41070,20168,0,0,0,0,0
41071,19515,0,0,0,0,0
41073,19690,0,0,0,0,0
41074,20582,0,0,0,0,0
41075,19364,0,0,0,0,0
41076,19598,0,0,0,0,0
41077,19822,0,0,0,0,0
41078,19290,0,0,0,0,0
41079,19593,0,0,0,0,0
41080,19594,0,0,0,0,0
41081,19595,0,0,0,0,0
41082,19484,0,0,0,0,0
41084,19732,0,0,0,0,0
41085,19733,0,0,0,0,0
41086,19312,-1,0,0,134217728,0
41087,19309,-1,0,0,134217728,0
41088,20048,0,0,0,0,0
41089,19411,0,0,0,0,0
41090,19412,0,0,0,0,0
41091,20577,0,0,0,0,0
41092,20578,0,0,0,0,0
41093,20579,0,0,0,0,0
41094,19552,0,0,0,0,0
41095,19286,0,0,0,0,0
41096,20655,0,0,0,0,0
41097,20358,0,0,0,0,0
41099,19289,-1,0,0,134217728,0
41101,19413,0,0,0,0,0
41102,20114,0,0,0,0,0
41103,20115,0,0,0,0,0
41104,20532,0,0,0,0,0
41105,19553,0,0,0,0,0
41106,19709,0,0,0,0,0
41107,19294,0,0,0,0,0
41108,19283,-1,0,0,134217728,0
41109,19284,-1,0,0,134217728,0
41110,19554,0,0,0,0,0
41111,19704,0,0,0,0,0
41112,27520,0,0,0,0,0
41113,27568,0,0,0,0,0
41114,19604,0,0,0,0,0
41115,19706,0,0,0,0,0
41116,19811,0,0,0,0,0
41118,19828,0,0,0,0,0
41119,19829,0,0,0,0,0
41120,20092,0,0,0,0,0
41121,25833,0,0,0,0,0
41122,19557,0,0,0,0,0
41123,19558,0,0,0,0,0
41125,20585,0,0,0,0,0
41126,20184,0,0,0,0,0
41127,19605,0,0,0,0,0
41128,19606,0,0,0,0,0
41129,19891,5,0,0,0,0
41130,19033,0,0,0,0,0
41131,19287,0,0,0,0,0
41133,19748,7,0,0,0,0
41134,19749,0,0,0,0,0
41136,19311,-1,0,0,134217728,0
41137,19310,-1,0,0,134217728,0
41138,19735,0,0,0,0,0
41139,19296,-1,0,0,134217728,0
41140,18947,0,0,0,0,0
41142,19293,-1,0,0,134217728,0
41144,19365,0,0,0,0,0
41145,19556,0,0,0,0,0
41148,20591,0,0,0,0,0
41150,19291,-1,0,0,134217728,0
41151,19806,0,0,0,0,0
41155,19138,0,0,0,0,0
41156,19136,0,0,0,0,0
41157,20001,0,0,0,0,0
41158,21562,-1,0,0,134217728,0
41159,20786,0,0,0,0,0
41160,20370,0,0,0,0,0
41161,20371,0,0,0,0,0
41163,21229,0,0,0,0,0
41164,21727,0,0,0,0,0
41165,20573,0,0,0,0,0
41168,20565,0,0,0,0,0
41169,20566,0,0,0,0,0
41170,20567,0,0,0,0,0
41171,23479,0,0,0,0,0
41172,20265,0,0,0,0,0
41173,21565,0,0,0,0,0
41174,21566,0,0,0,0,0
41175,21554,0,0,0,0,0
41176,20194,0,0,0,0,0
41177,20615,-1,0,0,65536,0
41178,20719,-1,0,0,1,0
41179,20128,0,0,0,0,0
41180,20209,0,0,0,0,0
41183,20711,0,134217728,0,0,0
41185,28620,0,0,0,0,0
41186,28621,0,0,0,0,0
41187,28622,0,0,0,0,0
41188,28627,0,0,0,0,0
41189,20266,0,0,0,0,0
41190,20267,0,0,0,0,0
41191,20268,0,0,0,0,0
41192,20343,0,0,0,0,0
41193,20350,0,0,0,0,0
41194,20368,0,0,0,0,0
41195,20376,0,0,0,0,0
41196,21936,0,0,0,0,0
41197,22282,0,0,0,0,0
41199,20555,0,0,0,0,0
41201,20557,0,0,0,0,0
41203,21154,0,0,0,0,0
41204,20500,0,0,0,0,0
41205,20501,0,0,0,0,0
41206,20554,0,0,0,0,0
41207,20409,0,0,0,0,0
41209,20195,0,0,0,0,0
41210,19636,0,0,0,0,0
41213,20286,0,0,0,0,0
41214,21340,0,0,0,0,0
41215,21169,3,0,0,0,0
41217,20372,0,0,0,0,0
41219,21561,0,0,0,0,0
41220,19675,-1,0,0,144,0
41221,20240,0,0,0,0,0
41222,20693,0,0,0,0,0
41223,20706,-1,0,0,134217728,0
41224,20710,0,0,0,0,0
41225,20867,0,0,0,0,0
41226,20436,0,0,0,0,0
41228,20138,0,0,0,0,0
41229,20726,0,0,0,0,0
41230,20256,0,0,0,0,0
41231,20257,0,0,0,0,0
41232,20252,0,0,0,262144,0
41233,20260,0,0,0,0,0
41234,20262,0,0,0,0,0
41235,20530,0,0,0,0,0
41236,20531,0,0,0,0,0
41237,20139,0,0,0,0,0
41238,20170,0,0,0,0,0
41239,19832,0,0,0,0,0
41241,20234,0,0,0,0,0
41242,20505,0,0,0,0,0
41244,20542,0,0,0,0,0
41245,20134,0,0,0,0,0
41247,20575,0,0,0,0,0
41248,20576,0,0,0,0,0
41249,20891,0,0,0,0,0
41250,20502,0,0,0,0,0
41251,20055,0,0,0,0,0
41253,20509,0,0,0,0,0
41254,20510,0,0,0,0,0
41255,20599,0,0,0,0,0
41257,20175,0,0,0,0,0
41261,23933,0,0,0,0,0
41263,20140,0,0,0,0,0
41267,20361,0,0,0,0,0
41270,20351,0,0,0,0,0
41271,20612,0,0,0,0,0
41272,20614,-1,0,0,65536,0
41275,19888,4,0,0,0,0
41277,20503,0,0,0,0,0
41278,21050,0,0,0,0,0
41279,20600,0,0,0,134217728,0
41283,20353,0,0,0,0,0
41284,20374,0,0,0,0,0
41287,20504,0,0,0,0,0
41288,20237,0,0,0,0,0
41289,21053,0,0,0,0,0
41290,20594,0,0,0,0,0
41291,20596,0,0,0,0,0
41294,20359,0,0,0,0,0
41295,20272,0,0,0,0,0
41296,20238,0,0,0,0,0
41297,20239,0,0,0,0,0
41299,20226,0,0,0,0,0
41300,20410,0,0,0,0,0
41302,25678,0,0,0,0,0
41304,20712,0,0,0,0,0
41305,20568,0,0,0,0,0
41307,21064,0,0,0,0,0
41309,20311,0,0,0,0,0
41310,20352,0,0,0,0,0
41311,20187,0,0,0,0,0
41312,20570,0,0,0,0,0
41315,20598,0,0,0,0,0
41316,21056,0,0,0,0,0
41318,19780,0,0,0,0,0
41319,25770,0,0,0,0,0
41320,25795,0,0,0,0,0
41321,28617,0,0,0,0,0
41322,20733,0,0,0,0,0
41324,20360,0,0,0,0,0
41326,20860,0,0,0,0,0
41329,20449,0,0,0,0,0
41330,20171,0,0,0,0,0
41332,21563,0,0,0,0,0
41333,21564,-1,0,0,134217728,0
41335,19872,0,0,0,0,0
41337,20616,0,0,0,262144,0
41338,20617,0,0,0,262144,0
41339,21058,0,0,0,0,0
41340,20705,0,0,0,0,0
41341,20682,0,0,0,0,0
41342,27571,0,0,0,0,0
41343,20173,0,0,0,0,0
41344,20174,0,0,0,0,0
41347,20141,0,0,0,0,0
41348,20142,0,0,0,0,0
41349,21066,0,0,0,0,0
41350,20131,0,0,0,0,0
41351,20205,0,0,0,0,0
41352,20206,0,0,0,0,0
41353,20484,-1,1073741824,0,2,0
41354,20493,0,0,0,0,0
41355,22428,0,0,0,0,0
41356,21850,-1,1073741824,0,2,0
41357,22117,0,0,0,0,0
41358,22118,0,0,0,0,0
41359,21767,0,0,0,0,0
41361,20734,0,0,0,0,0
41362,23118,0,0,0,0,0
41363,23119,0,0,0,0,0
41365,23120,0,0,0,0,0
41366,23116,0,0,0,0,0
41367,21307,0,0,0,0,0
41368,20961,0,0,0,0,0
41369,20962,0,0,0,0,0
41372,20865,0,0,0,0,0
41373,20866,0,0,0,0,0
41374,20810,0,0,0,0,0
41376,22958,0,0,0,0,0
41377,20492,0,0,0,0,0
41379,21977,0,0,0,0,0
41380,21980,0,0,0,0,0
41382,20132,0,0,0,0,0
41383,20133,0,0,0,0,0
41384,21926,0,0,0,0,0
41386,20746,0,0,0,0,0
41387,22111,0,0,0,0,0
41388,22108,0,0,0,0,0
41389,22109,0,0,0,0,0
41390,22114,0,0,0,0,0
41391,22190,0,0,0,0,0
41392,21063,0,0,0,0,0
41393,20762,2,0,0,-2147483648,0
41394,20763,2,0,0,-2147483648,0
41395,23050,0,0,0,0,0
41398,19590,0,0,0,0,0
41399,21228,0,0,0,0,0
41400,22115,0,0,0,0,0
41401,23021,0,0,0,0,0
41405,20482,0,0,0,0,0
41406,22147,0,0,0,0,0
41407,22197,0,0,0,0,0
41408,22198,0,0,0,0,0
41410,20425,0,0,0,0,0
41413,19603,0,0,0,0,0
41414,21249,0,0,0,0,0
41415,21086,0,0,0,0,0
41416,21547,0,0,0,0,0
41417,22986,0,0,0,0,0
41418,23010,0,0,0,0,0
41419,19641,0,0,0,0,0
41421,21267,0,0,0,0,0
41422,22848,0,0,0,0,0
41423,22442,0,0,0,0,0
41425,21330,0,0,0,0,0
41426,23020,0,0,0,0,0
41427,20751,-1,0,0,8192,0
41428,23127,0,0,0,0,0
41429,21830,0,0,0,0,0
41430,22895,-1,0,0,144,0
41431,22518,0,0,0,0,0
41432,22563,0,0,0,0,0
41433,22578,0,0,0,0,0
41435,23272,0,0,0,0,0
41437,21728,0,0,0,0,0
41438,20967,0,0,0,0,0
41439,20208,0,0,0,0,0
41440,20207,0,0,0,0,0
41441,20737,0,0,0,0,0
41442,20739,-1,1073741824,0,2,0
41443,21934,0,0,0,0,0
41444,21355,0,0,0,0,0
41445,21356,0,0,0,0,0
41446,20660,-1,0,0,327680,0
41448,20178,0,0,0,0,0
41449,21893,0,0,0,0,0
41450,22267,0,0,0,0,0
41451,20862,0,0,0,0,0
41452,20936,0,0,0,0,0
41453,20937,0,0,0,0,0
41454,20818,0,0,0,0,0
41456,20551,0,0,0,0,0
41457,20552,0,0,0,0,0
41459,20939,0,0,0,0,0
41460,21988,0,0,0,0,0
41461,21989,0,0,0,0,0
41462,21990,0,0,0,0,0
41463,21051,0,0,0,0,0
41464,21052,0,0,0,0,0
41465,20541,0,0,0,0,0
41466,22483,0,0,0,0,0
41467,25680,0,0,0,0,0
41468,20759,2,0,0,0,0
41469,22008,0,0,0,0,0
41471,20550,0,0,0,0,0
41472,21649,0,0,0,0,0
41475,20465,0,0,0,0,0
41477,20715,0,0,0,0,0
41478,20548,0,0,0,0,0
41479,20335,0,0,0,0,0
41480,20481,0,0,0,0,0
41482,21748,0,0,0,0,0
41483,23117,0,0,0,0,0
41484,21965,0,0,0,0,0
41485,21966,0,0,0,0,0
41486,22421,0,0,0,0,0
41487,21172,0,0,0,0,0
41492,20859,0,0,0,0,0
41493,20861,0,0,0,0,0
41494,22116,0,0,0,0,0
41495,20572,0,0,0,0,0
41496,20258,0,0,0,0,0
41497,20259,0,0,0,0,0
41498,20261,0,0,0,0,0
41499,20804,0,0,0,0,0
41500,23051,0,0,0,0,0
41501,22110,0,0,0,0,0
41502,22112,0,0,0,0,0
41503,22247,0,0,0,0,0
41504,22268,0,0,0,0,0
41506,20488,0,0,0,0,0
41507,22211,0,0,0,0,0
41509,21463,0,0,0,0,0
41510,21464,0,0,0,0,0
41511,21465,0,0,0,0,0
41512,21937,0,0,0,0,0
41513,20251,0,0,0,0,0
41514,21353,0,0,0,0,0
41515,22284,0,0,0,0,0
41516,22285,0,0,0,0,0
41517,21093,0,0,0,0,0
41518,22833,0,0,0,0,0
41519,22458,0,0,0,0,0
41520,21147,0,0,0,0,0
41521,20280,0,0,0,0,0
41522,21882,0,0,0,0,0
41523,22289,0,0,0,0,0
41524,22290,0,0,0,0,0
41525,21538,0,0,0,0,0
41526,21339,0,0,0,0,0
41527,21916,0,0,0,0,0
41528,21922,0,0,0,0,0
41529,21925,0,0,0,0,0
41530,20707,2,0,0,-2147483648,0
41531,20708,0,0,0,0,0
41532,20255,0,0,0,0,0
41533,20658,-1,0,0,327680,0
41534,20661,-1,0,0,327680,0
41535,20281,0,0,0,0,0
41536,22007,0,0,0,0,0
41537,22478,0,0,0,0,0
41538,22291,0,0,0,0,0
41540,21371,0,0,0,0,0
41541,21131,0,0,0,0,0
41542,21132,0,0,0,0,0
41543,21133,0,0,0,0,0
41544,21268,0,0,0,0,0
41545,21287,0,0,0,0,0
41546,22191,0,0,0,0,0
41547,20563,0,0,0,0,0
41548,20514,0,0,0,0,0
41549,20528,0,0,0,0,0
41550,20760,2,0,0,0,0
41551,20968,0,0,0,0,0
41552,20987,0,0,0,0,0
41553,26104,0,0,0,0,0
41554,22498,0,0,0,0,0
41555,21134,0,0,0,0,0
41556,21886,0,0,0,0,0
41557,20373,0,0,0,0,0
41558,23121,0,0,0,0,0
41559,20285,0,0,0,0,0
41560,20870,0,0,0,0,0
41561,20871,0,0,0,0,0
41562,21942,0,0,0,0,0
41563,21928,0,0,0,0,0
41564,21342,0,0,0,0,0
41565,21334,0,0,0,0,0
41566,21091,0,0,0,0,0
41567,21938,0,0,0,0,0
41568,20483,0,0,0,0,0
41569,22288,0,0,0,0,0
41570,21646,0,0,0,0,0
41572,21048,0,0,0,0,0
41573,20282,0,0,0,0,0
41574,20283,0,0,0,0,0
41575,20284,0,0,0,0,0
41577,20230,0,0,0,65536,0
41578,21861,0,0,0,0,0
41579,21397,0,0,0,0,0
41580,21399,0,0,0,0,0
41581,21135,0,0,0,0,0
41582,21137,0,0,0,0,0
41583,21138,0,0,0,0,0
41585,20340,0,0,0,0,0
41586,20758,2,0,0,0,0
41587,20747,-1,1073741824,0,2,0
41588,20334,0,0,0,0,0
41589,20337,0,0,0,0,0
41590,21372,0,0,0,0,0
41591,20564,0,0,0,0,0
41592,21333,0,0,0,0,0
41594,21932,0,0,0,0,0
41595,21889,0,0,0,0,0
41596,20809,0,0,0,0,0
41597,20559,-1,0,0,65536,0
41598,21128,0,0,0,0,0
41599,21129,0,0,0,0,0
41600,22786,0,0,0,0,0
41601,21647,0,0,0,0,0
41602,21648,0,0,0,0,0
41603,22207,0,0,0,0,0
41604,22208,0,0,0,0,0
41605,22209,0,0,0,0,0
41606,22210,0,0,0,0,0
41607,21537,0,0,0,0,0
41608,21130,0,0,0,0,0
41609,21079,0,0,0,0,0
41610,20544,0,0,0,0,0
41611,20868,0,0,0,0,0
41614,20367,0,0,0,0,0
41615,20369,0,0,0,0,0
41616,20341,0,0,0,0,0
41618,21230,0,0,0,0,0
41620,23412,0,0,0,0,0
41621,23180,0,0,0,0,0
41622,23002,0,0,0,0,0
41623,23003,0,0,0,0,0
41624,23504,0,0,0,0,0
41625,23234,0,0,0,0,0
41626,21730,0,0,0,0,0
41627,22287,0,0,0,0,0
41628,22778,0,0,0,0,0
41629,23560,0,0,0,0,0
41630,21808,0,0,0,0,0
41631,21741,0,0,0,0,0
41632,21959,0,0,0,0,0
41633,22011,0,0,0,0,0
41634,22012,0,0,0,0,0
41635,22951,0,0,0,0,0
41636,23398,0,0,0,0,0
41637,21078,0,0,0,0,0
41638,21556,0,0,0,0,0
41639,22837,0,0,0,0,0
41640,22839,0,0,0,0,0
41641,22600,0,0,0,0,0
41642,21747,0,0,0,0,0
41643,23361,0,0,0,0,0
41644,23401,0,0,0,0,0
41645,23344,0,0,0,0,0
41647,23402,0,0,0,0,0
41648,23406,0,0,0,0,0
41649,23407,0,0,0,0,0
41650,21731,0,0,0,0,0
41651,21732,0,0,0,0,0
41652,20560,-1,0,0,65536,0
41653,22944,0,0,0,0,0
41654,21900,0,0,0,0,0
41655,21749,0,0,0,0,0
41656,21841,0,0,0,0,0
41657,21848,0,0,0,0,0
41658,22200,0,0,0,0,0
41659,21733,0,0,0,0,0
41660,21734,0,0,0,0,0
41661,23345,0,0,0,0,0
41662,21901,0,0,0,0,0
41663,21902,0,0,0,0,0
41664,21903,0,0,0,0,0
41665,21707,0,0,0,0,0
41666,21708,0,0,0,0,0
41667,23362,0,0,0,0,0
41668,22882,0,0,0,0,0
41669,21835,0,0,0,0,0
41670,22199,0,0,0,0,0
41671,21904,0,0,0,0,0
41672,21905,0,0,0,0,0
41673,22192,0,0,0,0,0
41674,21890,0,0,0,0,0
41675,23459,-1,134217728,0,0,0
41676,20748,-1,1073741824,0,2,0
41677,23019,0,0,0,0,0
41678,23360,0,0,0,0,0
41679,23566,0,0,0,0,0
41680,23408,0,0,0,0,0
41681,23343,0,0,0,0,0
41682,21836,0,0,0,0,0
41683,21837,0,0,0,0,0
41685,20893,0,0,0,0,0
41686,20279,0,0,0,0,0
41687,23424,0,0,0,0,0
41688,22792,0,0,0,0,0
41689,23022,0,0,0,0,0
41690,21967,0,0,0,0,0
41691,21653,0,0,0,0,0
41692,21847,0,0,0,0,0
41693,22801,0,0,0,0,0
41694,22804,0,0,0,0,0
41695,23011,0,0,0,0,0
41696,20764,2,0,0,-2147483648,0
41697,20765,2,0,0,-2147483648,0
41698,21879,0,0,0,0,0
41699,21896,0,0,0,0,0
41700,22193,0,0,0,0,0
41701,22194,0,0,0,0,0
41702,21709,0,0,0,0,0
41703,20487,0,0,0,0,0
41704,20489,0,0,0,0,0
41706,22941,0,0,0,0,0
41707,22647,0,0,0,0,0
41708,22520,0,0,0,0,0
41709,22736,0,0,0,0,0
41710,22942,0,0,0,0,0
41711,23452,0,0,0,0,0
41712,22618,0,0,0,0,0
41713,22703,0,0,0,0,0
41714,21840,0,0,0,0,0
41715,23269,0,0,0,0,0
41716,21921,0,0,0,0,0
41717,22737,0,0,0,0,0
41718,22439,0,0,0,0,0
41719,23024,0,0,0,0,0
41720,23025,0,0,0,0,0
41722,22827,-1,0,0,1,0
41723,22441,0,0,0,0,0
41724,22564,0,0,0,0,0
41725,22577,0,0,0,0,0
41726,23325,0,0,0,0,0
41727,20546,0,0,0,0,0
41728,20547,0,0,0,0,0
41729,22027,0,0,0,0,0
41730,21737,0,0,0,0,0
41731,21740,0,0,0,0,0
41733,22676,0,0,0,0,0
41734,31363,0,0,0,0,0
41735,23363,0,0,0,0,0
41736,23559,0,0,0,0,0
41737,23446,0,0,0,0,0
41738,23448,0,0,0,0,0
41739,22311,0,0,0,0,0
41740,22693,0,0,0,0,0
41741,22694,0,0,0,0,0
41742,22619,0,0,0,0,0
41743,22620,0,0,0,0,0
41744,21338,0,0,0,0,0
41745,21400,0,0,0,0,0
41746,23324,0,0,0,0,0
41747,23054,0,0,0,0,0
41748,23453,0,0,0,0,0
41753,20264,0,0,0,0,0
41754,22283,0,0,0,0,0
41755,22286,0,0,0,0,0
41756,22567,0,0,0,0,0
41757,22418,0,0,0,0,0
41758,22422,0,0,0,0,0
41759,23317,0,0,0,0,0
41760,23410,0,0,0,0,0
41761,23411,0,0,0,0,0
41762,22788,0,0,0,0,0
41763,21729,0,0,0,0,0
41764,23004,0,0,0,0,0
41765,22119,0,0,0,0,0
41766,21860,0,0,0,0,0
41767,21368,0,0,0,0,0
41768,22276,0,0,0,0,0
41774,21828,0,0,0,0,0
41775,21829,0,0,0,0,0
41776,21906,0,0,0,0,0
41777,21912,0,0,0,0,0
41778,23563,0,0,0,0,0
41779,23333,0,0,0,0,0
41780,21540,0,0,0,0,0
41781,21541,0,0,0,0,0
41782,21542,0,0,0,0,0
41783,21543,0,0,0,0,0
41784,23334,0,0,0,0,0
41785,23335,0,0,0,0,0
41786,23336,0,0,0,0,0
41787,23688,0,0,0,0,0
41788,21929,0,0,0,0,0
41789,21735,0,0,0,0,0
41790,22972,0,0,0,0,0
41791,22429,0,0,0,0,0
41792,22436,0,0,0,0,0
41793,22896,-1,0,0,144,0
41794,21744,0,0,0,0,0
41795,21849,-1,1073741824,0,2,0
41796,21795,0,0,0,0,0
41797,21827,0,0,0,0,0
41798,22890,0,0,0,0,0
41799,21859,0,0,0,0,0
41800,21391,0,0,0,0,0
41801,22997,0,0,0,0,0
41802,22998,0,0,0,0,0
41803,23159,0,0,0,0,0
41804,22744,0,0,0,0,0
41805,22745,0,0,0,0,0
41806,22764,0,0,0,0,0
41807,22765,0,0,0,0,0
41808,22787,0,0,0,0,0
41810,21856,0,0,0,0,0
41811,21897,0,0,0,0,0
41812,22431,0,0,0,0,0
41813,21867,0,0,0,0,0
41814,21868,0,0,0,0,0
41815,22113,0,0,0,0,0
41816,21173,0,0,0,0,0
41817,21174,0,0,0,0,0
41818,21327,0,0,0,0,0
41819,21098,0,0,0,0,0
41820,21108,0,0,0,0,0
41821,21914,0,0,0,0,0
41822,22538,0,0,0,0,0
41823,23014,0,0,0,0,0
41824,23016,0,0,0,0,0
41825,22438,0,0,0,0,0
41826,21190,0,0,0,0,0
41827,23184,0,0,0,0,0
41828,22985,0,0,0,0,0
41829,22738,0,0,0,0,0
41830,23451,0,0,0,0,0
41831,21863,0,0,0,0,0
41832,21864,0,0,0,0,0
41833,21865,0,0,0,0,0
41834,21866,0,0,0,0,0
41835,21088,0,0,0,0,0
41836,21927,0,0,0,0,0
41837,21794,0,0,0,0,0
41838,22352,0,0,0,0,0
41839,22353,0,0,0,0,0
41840,22354,0,0,0,0,0
41841,21089,0,0,0,0,0
41842,22651,0,0,0,0,0
41843,22995,0,0,0,0,0
41845,22570,-1,0,0,1,0
41846,22701,0,0,0,0,0
41847,21207,0,0,0,0,0
41848,22688,0,0,0,0,0
41849,22982,0,0,0,0,0
41850,22983,0,0,0,0,0
41851,22679,0,0,0,0,0
41852,23183,0,0,0,0,0
41853,23185,0,0,0,0,0
41854,23186,0,0,0,0,0
41855,23139,0,0,0,0,0
41856,23152,0,0,0,0,0
41857,23182,0,0,0,0,0
41858,21972,0,0,0,0,0
41859,22420,0,0,0,0,0
41860,21087,0,0,0,0,0
41863,21907,0,0,0,0,0
41864,21908,0,0,0,0,0
41865,21960,0,0,0,0,0
41866,21909,0,0,0,0,0
41867,22689,0,0,0,0,0
41868,22690,0,0,0,0,0
41869,21548,0,0,0,0,0
41870,23332,0,0,0,0,0
41871,23136,0,0,0,0,0
41872,21544,0,0,0,0,0
41875,22828,-1,0,0,1,0
41876,22664,0,0,0,0,0
41877,31313,0,0,0,0,0
41878,21992,0,0,0,0,0
41879,21545,0,0,0,0,0
41881,23405,0,0,0,0,0
41882,22697,0,0,0,0,0
41883,23425,0,0,0,0,0
41884,23311,0,0,0,0,0
41885,22642,0,0,0,0,0
41887,24072,0,0,0,0,0
41888,24073,0,0,0,0,0
41889,23969,0,0,0,0,0
41890,23553,0,0,0,0,0
41891,23571,0,0,0,0,0
41892,23299,0,0,0,0,0
41893,24256,0,0,0,0,0
41894,23676,0,0,0,0,0
41896,22987,0,0,0,0,0
41898,23301,0,0,0,0,0
41899,23137,0,0,0,0,0
41900,23261,0,0,0,0,0
41901,22829,-1,0,0,1,0
41902,24067,0,0,0,0,0
41903,24180,0,0,0,0,0
41904,24043,-1,0,0,1,0
41905,23015,0,0,0,0,0
41907,22979,0,0,0,0,0
41908,23691,0,0,0,0,0
41909,22988,0,0,0,0,0
41910,22989,0,0,0,0,0
41911,24068,0,0,0,0,0
41912,23175,0,0,0,0,0
41913,23551,0,0,0,0,0
41914,23552,0,0,0,0,0
41916,23781,0,0,0,0,0
41918,23966,0,0,0,0,0
41919,26105,0,0,0,0,0
41921,23270,0,0,0,0,0
41922,23140,0,0,0,0,0
41923,23046,0,0,0,0,0
41924,23699,0,0,0,0,0
41927,23488,0,0,0,0,0
41928,23197,0,0,0,0,0
41929,23198,0,0,0,0,0
41930,22969,0,0,0,0,0
41931,23561,0,0,0,0,0
41932,24721,0,0,0,0,0
41933,23865,0,0,0,0,0
41934,23866,0,0,0,0,0
41936,26103,0,0,0,0,0
41937,23758,0,0,0,0,0
41938,21090,0,0,0,0,0
41940,24069,0,0,0,0,0
41941,24070,0,0,0,0,0
41942,23685,0,0,0,0,0
41943,23393,0,0,0,0,0
41944,23581,0,0,0,0,0
41945,23644,0,0,0,0,0
41946,21332,0,0,0,0,0
41947,22680,0,0,0,0,0
41948,23383,0,0,0,0,0
41949,23230,0,0,0,0,0
41950,23156,0,0,0,0,0
41951,23157,0,0,0,0,0
41952,23168,0,0,0,0,0
41953,23645,0,0,0,0,0
41954,23348,0,0,0,0,0
41955,23349,0,0,0,0,0
41956,28673,0,0,0,0,0
41957,22991,0,0,0,0,0
41958,22992,0,0,0,0,0
41959,23302,0,0,0,0,0
41960,23447,0,0,0,0,0
41961,23589,0,0,0,0,0
41962,23591,0,0,0,0,0
41963,29998,0,0,0,0,0
41964,24009,0,0,0,0,0
41965,23040,0,0,0,0,0
41966,23041,0,0,0,0,0
41967,23177,0,0,0,0,0
41968,23158,0,0,0,0,0
41969,23590,0,0,0,0,0
41970,23646,0,0,0,0,0
41972,24240,0,0,0,0,0
41973,23441,0,0,0,0,0
41974,23442,0,0,0,0,0
41976,23397,0,0,0,0,0
41977,23487,0,0,0,0,0
41978,23545,0,0,0,0,0
41980,23700,1,0,0,0,0
41981,22900,0,0,0,0,0
41982,22901,0,0,0,0,0
41983,23770,0,0,0,0,0
41985,22906,0,0,0,0,0
41986,22681,0,0,0,0,0
41987,23450,0,0,0,0,0
41988,23455,-1,134217728,0,0,0
41990,23492,0,0,0,0,0
41991,24108,0,0,0,0,0
41992,23179,0,0,0,0,0
41993,23350,0,0,0,0,0
41994,23351,0,0,0,0,0
41995,21546,0,0,0,0,0
41996,22990,0,0,0,0,0
42001,23107,0,0,0,0,0
42002,23557,0,0,0,0,0
42003,23558,0,0,0,0,0
42004,23036,0,0,0,0,0
42005,22823,-1,0,0,134217728,0
42006,21370,0,0,0,0,0
42007,24008,0,0,0,0,0
42008,23257,0,0,0,0,0
42009,23258,0,0,0,0,0
42011,23042,0,0,0,0,0
42013,23556,0,0,0,0,0
42015,23764,0,0,0,0,0
42016,23171,0,0,0,0,0
42017,23174,0,0,0,0,0
42018,22980,0,0,0,0,0
42019,22970,0,0,0,0,0
42020,22971,0,0,0,0,0
42021,24474,0,0,0,0,0
42022,23648,0,0,0,0,0
42023,23649,0,0,0,0,0
42024,22838,0,0,0,0,0
42025,23131,0,0,0,0,0
42026,23132,0,0,0,0,0
42027,22670,0,0,0,0,0
42028,22674,0,0,0,0,0
42029,22675,0,0,0,0,0
42030,22419,0,0,0,0,0
42031,22560,0,0,0,0,0
42033,25157,0,0,0,0,0
42034,23329,0,0,0,0,0
42035,24701,0,0,0,0,0
42036,22671,0,0,0,0,0
42037,22672,0,0,0,0,0
42038,22673,0,0,0,0,0
42039,23201,0,0,0,0,0
42041,23097,0,0,0,0,0
42042,23867,0,0,0,0,0
42043,23878,0,0,0,0,0
42044,23572,0,0,0,0,0
42045,22909,0,0,0,0,0
42046,22891,0,0,0,0,0
42047,22899,0,0,0,0,0
42048,23108,0,0,0,0,0
42049,22881,0,0,0,0,0
42050,22850,0,0,0,0,0
42051,23101,0,0,0,0,0
42052,23413,0,0,0,0,0
42053,23409,0,0,0,0,0
42054,22558,0,0,0,0,0
42055,22667,0,0,0,0,0
42056,22669,0,0,0,0,0
42058,23548,0,0,0,0,0
42059,23386,0,0,0,0,0
42060,23319,0,0,0,0,0
42061,23328,0,0,0,0,0
42063,22660,0,0,0,0,0
42064,22662,0,0,0,0,0
42065,22663,0,0,0,0,0
42066,22842,-1,0,0,144,0
42067,23321,0,0,0,0,0
42068,23322,0,0,0,0,0
42069,23330,0,0,0,0,0
42070,23205,0,0,0,0,0
42071,23072,0,0,0,0,0
42072,23760,0,0,0,0,0
42073,22568,-1,0,0,1,0
42074,22312,0,0,0,0,0
42075,22579,0,0,0,0,0
42076,22580,0,0,0,0,0
42077,23193,0,0,0,0,0
42078,22654,0,0,0,0,0
42079,22655,0,0,0,0,0
42080,23690,0,0,0,0,0
42083,22656,0,0,0,0,0
42084,22657,0,0,0,0,0
42085,22559,0,0,0,0,0
42086,22699,0,0,0,0,0
42087,22714,0,0,0,0,0
42089,22854,0,0,0,0,0
42090,22855,0,0,0,0,0
42091,24233,0,0,0,0,0
42092,24237,0,0,0,0,0
42093,24064,0,0,0,0,0
42094,24066,0,0,0,0,0
42095,24306,0,0,0,0,0
42096,22653,0,0,0,0,0
42097,22935,0,0,0,0,0
42098,23436,0,0,0,0,0
42101,22857,0,0,0,0,0
42102,22858,0,0,0,0,0
42103,22943,0,0,0,0,0
42104,22581,0,0,0,0,0
42106,23192,0,0,0,0,0
42107,23196,0,0,0,0,0
42108,23761,0,0,0,0,0
42109,23762,0,0,0,0,0
42110,23188,0,0,0,0,0
42111,23427,0,0,0,0,0
42112,22879,0,0,0,0,0
42113,23660,0,0,0,0,0
42114,22371,0,0,0,0,0
42116,22981,0,0,0,0,0
42117,23151,0,0,0,0,0
42118,23352,0,0,0,0,0
42119,23353,0,0,0,0,0
42120,23052,0,0,0,0,0
42121,24724,0,0,0,0,0
42122,24307,0,0,0,0,0
42123,23384,0,0,0,0,0
42124,23385,0,0,0,0,0
42127,23226,0,0,0,0,0
42129,23550,0,0,0,0,0
42130,23006,0,0,0,0,0
42131,22561,0,0,0,0,0
42133,22683,0,0,0,0,0
42134,23658,0,0,0,0,0
42135,23659,0,0,0,0,0
42136,22860,0,0,0,0,0
42138,24254,0,0,0,0,0
42139,24238,-1,0,0,1,0
42140,22684,0,0,0,0,0
42141,22685,0,0,0,0,0
42142,22686,0,0,0,0,0
42143,23031,0,0,0,0,0
42144,23032,0,0,0,0,0
42145,22925,0,0,0,0,0
42148,23683,0,0,0,0,0
42149,23684,0,0,0,0,0
42150,23195,0,0,0,0,0
42151,23199,0,0,0,0,0
42152,23200,0,0,0,0,0
42153,23033,0,0,0,0,0
42154,23218,0,0,0,149,0
42155,23204,0,0,0,0,0
42156,23135,0,0,0,0,0
42157,23318,0,0,0,0,0
42158,23231,0,0,0,0,0
42159,23763,0,0,0,0,0
42160,23275,0,0,0,0,0
42161,23260,0,0,0,0,0
42163,23320,0,0,0,0,0
42164,22658,0,0,0,0,0
42166,23194,0,0,0,0,0
42167,23009,0,0,0,0,0
42168,23307,0,0,0,0,0
42169,22975,0,0,0,0,0
42172,23549,0,0,0,0,0
42173,22822,-1,0,0,134217728,0
42174,22977,0,0,0,0,0
42175,22984,0,0,0,0,0
42176,23326,0,0,0,0,0
42177,23327,0,0,0,0,0
42178,22735,0,0,0,0,0
42180,23346,0,0,0,0,0
42181,23347,0,0,0,0,0
42182,22905,0,0,0,0,0
42183,22576,0,0,0,0,0
42184,23970,0,0,0,0,0
42185,23971,0,0,0,0,0
42186,23972,0,0,0,0,0
42187,23834,0,0,0,0,0
42188,23836,0,0,0,0,0
42189,24431,0,0,0,0,0
42190,24871,0,0,0,0,0
42191,23838,0,0,0,0,0
42192,23963,0,0,0,0,0
42193,24827,0,0,0,0,0
42194,24288,0,0,0,0,0
42195,24258,0,0,0,0,0
42196,23973,0,0,0,0,0
42197,23974,0,0,0,0,0
42198,23947,-1,0,0,134217728,0
42199,23554,0,0,0,0,0
42200,23478,0,0,0,0,0
42202,24331,-1,0,0,1,0
42203,23839,0,0,0,0,0
42204,23948,-1,0,0,134217728,0
42205,25383,0,0,0,0,0
42206,24349,0,0,0,0,0
42207,23837,0,0,0,0,0
42208,23949,0,0,0,0,0
42209,24818,0,0,0,0,0
42210,24010,0,0,0,0,0
42211,24012,0,0,0,0,0
42213,24052,0,0,0,0,0
42214,24246,0,0,0,0,0
42215,24017,0,0,0,0,0
42216,24019,0,0,0,0,0
42217,24040,0,0,0,0,0
42218,24041,0,0,0,0,0
42220,23932,0,0,0,0,0
42221,24900,0,0,0,1,0
42222,24013,0,0,0,0,0
42223,24253,0,0,0,0,0
42224,24445,0,0,0,0,0
42225,24446,0,0,0,0,0
42226,24376,0,0,0,0,0
42227,23961,0,0,0,0,0
42228,23962,0,0,0,0,0
42229,24828,0,0,0,0,0
42230,24831,0,0,0,0,0
42231,24832,0,0,0,0,0
42232,24449,0,0,0,0,0
42233,24087,0,0,0,0,0
42234,24088,0,0,0,0,0
42235,23831,0,0,0,0,0
42237,24312,0,0,0,0,0
42238,23674,0,0,0,0,0
42241,24210,0,0,0,0,0
42242,23832,0,0,0,0,0
42243,23833,0,0,0,0,0
42244,23978,0,0,0,0,0
42245,24078,0,0,0,0,0
42246,24089,0,0,0,0,0
42247,24046,0,0,0,0,0
42248,24872,0,0,0,0,0
42249,24873,0,0,0,0,0
42250,24875,0,0,0,0,0
42251,23934,0,0,0,0,0
42253,24678,0,0,0,0,0
42254,24313,0,0,0,0,0
42255,22913,0,0,0,0,0
42256,22915,0,0,0,0,0
42258,24500,0,0,0,0,0
42259,23950,0,0,0,0,0
42260,23965,0,0,0,0,0
42261,23577,0,0,0,0,0
42262,23964,-1,0,0,134217728,0
42263,24194,0,0,0,0,0
42264,24898,0,0,0,0,0
42265,24899,0,0,0,144,0
42266,24858,4,0,0,0,0
42269,23844,0,0,0,0,0
42270,24211,0,0,0,0,0
42271,24195,0,0,0,0,0
42272,24289,0,0,0,0,0
42273,24290,0,0,0,0,0
42274,23601,0,0,0,0,0
42275,24079,0,0,0,0,0
42276,24081,0,0,0,0,0
42277,23835,0,0,0,0,0
42278,23841,0,0,0,0,0
42279,24188,0,0,0,0,0
42280,24189,0,0,0,0,0
42281,24190,0,0,0,0,0
42282,24255,0,0,0,0,0
42283,24173,0,0,0,0,0
42284,24047,0,0,0,0,0
42285,24314,0,0,0,0,0
42286,24316,0,0,0,0,0
42287,24007,0,0,0,0,0
42288,24501,0,0,0,0,0
42289,24507,0,0,0,0,0
42290,25681,0,0,0,0,0
42291,23564,0,0,0,0,0
42292,22661,0,0,0,0,0
42293,22668,0,0,0,0,0
42294,23783,0,0,0,0,0
42295,23784,0,0,0,0,0
42297,24866,0,0,0,1,0
42298,24870,0,0,0,0,0
42299,24874,0,0,0,0,0
42300,24457,0,0,0,0,0
42301,24460,0,0,0,0,0
42302,24386,0,0,0,0,0
42303,24324,0,0,0,0,0
42304,23565,0,0,0,0,0
42305,23128,0,0,0,0,0
42308,23484,0,0,0,0,0
42311,24059,0,0,0,0,0
42312,23514,0,0,0,0,0
42313,24325,0,0,0,0,0
42314,23897,0,0,0,0,0
42315,23681,0,0,0,0,0
42316,24244,0,0,0,0,0
42317,22948,0,0,0,0,0
42318,23323,0,0,0,0,0
42319,24910,0,0,0,0,0
42320,23680,0,0,0,0,0
42321,24865,0,0,0,0,0
42323,24387,0,0,0,0,0
42324,22752,-1,0,0,1,0
42325,24003,0,0,0,0,0
42326,24186,0,0,0,0,0
42327,24447,0,0,0,0,0
42329,24392,0,0,0,0,0
42330,24867,-1,0,0,1,0
42331,24868,-1,0,0,145,0
42332,24057,0,0,0,0,0
42333,24058,0,0,0,0,0
42334,24448,0,0,0,0,0
42335,24056,0,0,0,0,0
42336,24060,0,0,0,0,0
42337,24061,0,0,0,0,0
42338,24245,0,0,0,0,0
42339,23678,0,0,0,0,0
42340,23679,0,0,0,0,0
42341,22976,0,0,0,0,0
42342,22978,0,0,0,0,0
42343,23694,0,0,0,0,0
42344,23776,0,0,0,0,0
42345,24044,0,0,0,0,0
42346,24045,0,0,0,0,0
42347,24461,0,0,0,0,0
42348,24462,0,0,0,0,0
42349,23942,0,0,0,0,0
42350,24304,0,0,0,0,0
42351,23573,0,0,0,0,0
42352,23574,0,0,0,0,0
42354,23576,0,0,0,0,0
42355,22939,0,0,0,0,0
42357,23722,0,0,0,0,0
42358,24396,0,0,0,0,0
42359,23852,0,0,0,0,0
42361,23544,0,0,0,0,0
42362,22880,0,0,0,0,0
42363,24416,0,0,0,0,0
42365,23938,0,0,0,0,0
42366,23968,0,0,0,0,0
42367,24340,0,0,0,0,0
42368,24342,0,0,0,0,0
42369,24343,0,0,0,0,0
42370,23300,0,0,0,0,0
42371,24345,0,0,0,0,0
42372,24465,0,0,0,0,0
42373,24466,0,0,0,0,0
42374,24467,0,0,0,0,0
42375,24469,0,0,0,0,0
42376,23580,0,0,0,0,0
42377,23582,0,0,0,0,0
42378,23583,0,0,0,0,0
42379,23943,0,0,0,0,0
42380,23944,0,0,0,0,0
42381,24344,0,0,0,0,0
42382,24884,0,0,0,0,0
42383,24885,0,0,0,0,0
42384,23232,0,0,0,0,0
42385,23233,0,0,0,0,0
42386,24229,0,0,0,0,0
42387,24231,0,0,0,0,0
42388,23946,0,0,0,0,0
42389,22950,0,0,0,0,0
42390,28663,0,0,0,0,0
42391,23677,0,0,0,0,0
42392,23595,0,0,0,0,0
42393,24395,0,0,0,0,0
42394,24429,0,0,0,0,0
42395,24432,0,0,0,0,0
42396,23298,0,0,0,0,0
42397,24434,0,0,0,0,0
42398,24436,0,0,0,0,0
42399,31315,0,0,0,0,0
42401,24444,0,0,0,0,0
42402,23417,0,0,0,0,0
42403,23418,0,0,0,0,0
42405,23303,0,0,0,0,0
42406,24222,0,0,0,0,0
42407,24221,0,0,0,0,0
42408,24223,0,0,0,0,0
42409,24225,0,0,0,0,0
42410,23675,0,0,0,0,0
42411,25142,0,0,0,144,0
42412,23389,0,0,0,0,0
42413,23390,0,0,0,0,0
42416,24207,0,0,0,0,0
42417,23458,-1,134217728,0,0,0
42418,23830,0,0,0,0,0
42419,24886,0,0,0,0,0
42420,24887,0,0,0,0,0
42421,24905,-1,0,0,1073741824,0
42422,24906,0,0,0,0,0
42423,24907,-1,0,0,1073741824,0
42424,24217,0,0,0,0,0
42425,24904,0,0,0,0,0
42426,24433,0,0,0,0,0
42428,23896,0,0,0,0,0
42429,24471,0,0,0,0,0
42430,24397,0,0,0,0,0
42432,24170,0,0,0,0,0
42434,23724,0,0,0,0,0
42435,23235,0,0,0,0,0
42436,23772,0,0,0,0,0
42439,24062,0,0,0,0,0
42440,24063,0,0,0,0,0
42442,24192,0,0,0,0,0
42443,24401,0,0,0,0,0
42444,25194,0,0,0,0,0
42445,23999,0,0,0,0,0
42446,24202,0,0,0,0,0
42447,24268,0,0,0,0,0
42449,24107,0,0,0,0,0
42450,24405,0,0,0,0,0
42451,24406,0,0,0,0,0
42452,25682,0,0,0,0,0
42453,24000,0,0,0,0,0
42454,24001,0,0,0,0,0
42455,23777,0,0,0,0,0
42457,24430,0,0,0,0,0
42458,24042,-1,0,0,144,0
42459,24617,0,0,0,0,0
42460,24002,0,0,0,0,0
42461,23849,0,0,0,0,0
42462,23851,0,0,0,0,0
42463,23578,0,0,0,0,0
42464,23939,0,0,0,0,0
42465,23940,0,0,0,0,0
42466,23053,0,0,0,0,0
42467,25683,0,0,0,0,0
42468,25684,0,0,0,0,0
42469,23779,0,0,0,0,0
42470,24798,0,0,0,0,0
42471,25148,0,0,0,0,0
42472,25149,0,0,0,0,0
42473,25150,0,0,0,0,0
42474,25151,0,0,0,0,0
42475,25153,0,0,0,0,0
42477,25139,0,0,0,0,0
42478,25145,0,0,0,0,0
42480,27703,0,0,0,0,0
42481,24714,0,0,0,0,0
42482,24799,0,0,0,0,0
42483,27706,0,0,0,0,0
42484,27707,0,0,0,0,0
42485,27708,0,0,0,0,0
42486,24206,0,0,0,0,0
42487,24247,0,0,0,0,0
42488,24805,0,0,0,0,0
42489,24807,0,0,0,0,0
42490,27709,0,0,0,0,0
42491,27710,0,0,0,0,0
42492,27711,0,0,0,0,0
42494,24482,0,0,0,0,0
42495,27714,0,0,0,0,0
42496,27712,0,0,0,0,0
42497,25288,-1,0,0,131072,0
42498,25465,0,0,0,0,0
42499,24725,0,0,0,0,0
42502,24810,0,0,0,0,0
42503,24811,0,0,0,0,0
42504,24813,0,0,0,0,0
42505,24814,0,0,0,0,0
42506,24101,0,0,0,0,0
42510,24777,0,0,0,0,0
42511,24778,0,0,0,0,0
42512,25176,0,0,0,0,0
42513,25471,0,0,0,0,0
42514,25473,0,0,0,0,0
42516,24661,0,0,0,0,0
42517,24662,0,0,0,0,0
42518,24658,0,0,0,0,0
42519,24780,0,0,0,0,0
42520,24102,0,0,0,0,0
42521,24103,0,0,0,0,0
42522,24104,0,0,0,0,0
42524,24105,0,0,0,0,0
42525,24106,0,0,0,0,0
42526,24891,0,0,0,0,0
42527,24974,0,1073741824,0,0,0
42528,24781,0,0,0,0,0
42530,24591,0,0,0,0,0
42531,25314,-1,134217728,0,-2147483648,0
42532,24191,0,0,0,0,0
42533,24082,0,0,0,0,0
42534,23853,0,0,0,0,0
42536,24676,0,0,0,0,0
42537,25297,-1,1073741824,0,2,0
42538,24993,0,0,0,0,0
42539,24994,-1,671588450,0,145,0
42540,23998,0,0,0,0,0
42541,23773,0,0,0,0,0
42542,23774,0,0,0,0,0
42544,25503,-1,0,0,144,0
42546,24691,0,0,0,0,0
42547,24692,0,0,0,0,0
42548,24693,0,0,0,0,0
42549,24791,0,0,0,0,0
42550,24085,0,0,0,0,0
42551,24086,0,0,0,0,0
42552,27715,0,0,0,0,0
42553,27716,0,0,0,0,0
42555,23278,0,0,0,0,0
42556,23279,0,0,0,0,0
42558,24783,0,0,0,0,0
42560,24785,0,0,0,0,0
42562,24787,0,0,0,0,0
42563,24675,0,0,0,0,0
42565,25373,0,0,0,0,0
42566,25374,0,0,0,0,0
42568,27673,0,0,0,0,0
42569,27676,0,0,0,0,0
42572,25158,0,0,0,0,0
42573,25169,0,0,0,0,0
42574,24966,0,0,0,0,0
42575,23935,0,0,0,0,0
42576,23936,0,0,0,0,0
42578,25516,0,0,0,0,0
42579,24776,0,0,0,0,0
42581,24203,0,0,0,0,0
42582,24792,0,0,0,0,0
42583,27681,-1,0,0,134217728,0
42584,27693,0,0,0,0,0
42585,27695,0,0,0,0,0
42586,23775,0,0,0,0,0
42588,23937,0,0,0,0,0
42589,24989,0,0,0,0,0
42590,24990,0,0,0,0,0
42591,24793,0,0,0,0,0
42592,24795,0,0,0,0,0
42594,24715,0,0,0,0,0
42595,25041,0,0,0,0,0
42596,23464,0,0,0,0,0
42597,25371,0,0,0,0,0
42599,24428,0,0,0,0,0
42600,24717,0,0,0,0,0
42601,24796,0,0,0,0,0
42602,24308,0,0,0,0,0
42604,27696,0,0,0,0,0
42605,27698,0,0,0,0,0
42606,27700,0,0,0,0,0
42607,27746,0,0,0,0,0
42608,24487,0,0,0,0,0
42609,24489,0,0,0,0,0
42610,27704,0,0,0,0,0
42611,27705,0,0,0,0,0
42612,24718,0,0,0,0,0
42613,24719,0,0,0,0,0
42614,24720,0,0,0,0,0
42616,24205,0,0,0,0,0
42618,24938,0,0,0,0,0
42619,24262,0,0,0,0,0
42620,24261,0,0,0,0,0
42621,26153,-1,671588450,0,145,0
42623,24204,0,0,0,0,0
42624,24779,0,0,0,0,0
42625,27733,2,0,0,0,0
42626,24803,0,0,0,0,0
42627,24804,0,0,0,0,0
42628,24263,0,0,0,0,0
42629,24265,0,0,0,0,0
42630,24690,0,0,0,0,0
42631,26019,0,0,0,0,0
42632,26036,0,0,0,0,0
42633,26034,0,0,0,0,0
42634,26539,0,0,0,0,0
42635,24018,0,0,0,0,0
42636,24065,0,0,0,0,0
42637,24169,0,0,0,0,0
42638,24892,0,0,0,0,0
42639,24492,0,0,0,0,0
42640,24493,0,0,0,0,0
42641,24694,-1,671588450,0,145,0
42642,24699,0,0,0,0,0
42643,24897,0,0,0,0,0
42644,24888,0,0,0,0,0
42645,24677,0,0,0,0,0
42646,23840,0,0,0,0,0
42647,24506,0,0,0,0,0
42648,24050,0,0,0,0,0
42649,24051,0,0,0,0,0
42650,25177,0,0,0,0,0
42651,24809,0,0,0,0,0
42652,25315,-1,134217728,0,-2147483648,0
42653,24402,0,0,0,0,0
42654,24574,0,0,0,0,0
42655,25178,0,0,0,0,0
42656,25181,0,0,0,0,0
42657,24491,0,0,0,0,0
42658,24071,0,0,0,0,0
42660,24076,0,0,0,0,0
42661,24077,0,0,0,0,0
42662,24319,0,0,0,0,0
42663,24020,0,0,0,0,0
42664,24742,0,0,0,0,0
42665,24833,0,0,0,0,0
42666,25184,0,0,0,0,0
42667,24171,0,0,0,0,0
42668,23842,0,0,0,0,0
42669,23843,0,0,0,0,0
42671,28679,0,0,0,0,0
42672,24598,0,0,0,0,0
42673,24602,0,0,0,0,0
42674,24281,0,0,0,0,0
42675,24497,0,0,0,0,0
42676,24014,0,0,0,0,0
42677,24015,0,0,0,0,0
42678,24183,0,0,0,0,0
42679,24074,0,0,0,0,0
42680,24600,0,0,0,0,0
42681,24896,0,0,0,0,0
42682,24689,0,0,0,0,0
42683,25316,-1,134217728,0,-2147483648,0
42685,24679,0,0,0,0,0
42686,24590,0,0,0,0,0
42687,24593,0,0,0,0,0
42688,24601,0,0,0,0,0
42689,24697,-1,671588450,0,145,0
42690,24653,0,0,0,0,0
42691,23921,0,0,0,0,0
42693,25989,0,0,0,0,0
42694,24320,0,0,0,0,0
42695,24321,0,0,0,0,0
42696,24594,0,0,0,0,0
42697,24479,0,0,0,0,0
42698,24480,0,0,0,0,0
42699,24228,0,0,0,0,0
42700,24504,0,0,0,0,0
42701,24505,0,0,0,0,0
42702,24737,0,0,0,0,0
42703,24741,0,0,0,0,0
42704,24075,0,0,0,0,0
42705,24935,0,0,0,0,0
42706,24936,0,0,0,0,0
42707,24284,0,0,0,0,0
42710,24172,0,0,0,0,0
42712,27717,0,0,0,0,0
42713,27719,0,0,0,0,0
42716,24024,0,0,0,0,0
42717,24038,0,0,0,0,0
42718,24039,0,0,0,0,0
42719,24596,0,0,0,0,0
42720,24230,0,0,0,0,0
42721,24232,0,0,0,0,0
42722,24280,0,0,0,0,0
42723,24747,0,0,0,0,0
42724,24748,0,0,0,0,0
42725,24750,0,0,0,0,0
42726,24083,0,0,0,0,0
42727,24084,0,0,0,0,0
42728,25299,-1,1073741824,0,2,0
42729,24439,0,0,0,0,0
42730,24283,0,0,0,0,0
42731,25410,0,0,0,0,0
42732,24483,0,0,0,0,0
42733,24486,0,0,0,0,0
42734,24488,0,0,0,0,0
42735,24751,0,0,0,0,0
42739,24635,0,0,0,0,0
42740,24285,0,0,0,0,0
42741,24727,0,0,0,0,0
42742,24730,0,0,0,0,0
42743,24731,0,0,0,0,0
42744,24055,0,0,0,0,0
42745,24248,-1,0,0,1,0
42746,24251,0,0,0,0,0
42747,24214,0,0,0,0,0
42748,24733,0,0,0,0,0
42751,24700,0,0,0,0,0
42752,24215,0,0,0,0,0
42754,23941,0,0,0,0,0
42755,24456,0,0,0,0,0
42756,24746,0,0,0,0,0
42757,24502,0,0,0,0,0
42759,24575,0,0,0,0,0
42760,24282,0,0,0,0,0
42761,24249,0,0,0,0,0
42762,24250,0,0,0,0,0
42763,24341,0,0,0,0,0
42764,25565,0,0,0,0,0
42765,24443,0,0,0,0,0
42766,24503,0,0,0,0,0
42767,24782,0,0,0,0,0
42768,25873,0,0,0,0,0
42769,25874,0,0,0,0,0
42770,25875,0,0,0,0,0
42771,25876,0,0,0,0,0
42772,25877,0,0,0,0,0
42773,26221,0,0,0,0,0
42774,26224,0,0,0,0,0
42775,24773,0,0,0,0,0
42776,27513,0,0,0,0,0
42777,26020,0,0,0,0,0
42778,27511,0,0,0,0,0
42779,27515,0,0,0,0,0
42781,24933,0,0,0,0,0
42782,25180,0,0,0,0,0
42783,25182,0,0,0,0,0
42785,26220,0,0,0,0,0
42786,25003,0,0,0,0,0
42787,25183,0,0,0,0,0
42788,25758,0,0,0,0,0
42789,25005,0,0,0,0,0
42790,28683,0,0,0,1,0
42792,24952,0,0,0,0,0
42793,26022,0,0,0,0,0
42795,25172,0,0,0,0,0
42798,25757,0,0,0,0,0
42799,24953,0,0,0,0,0
42800,25024,0,0,0,0,0
42801,25835,0,0,0,0,0
42802,26074,0,0,0,0,0
42804,26076,0,0,0,0,0
42805,26077,0,0,0,0,0
42806,25922,0,0,0,0,0
42807,25026,0,0,0,0,0
42808,25030,0,0,0,0,0
42809,26148,0,0,0,0,0
42812,25764,0,0,0,0,0
42813,25007,0,0,0,0,0
42814,25168,0,0,0,0,0
42815,25170,0,0,0,0,0
42816,25171,0,0,0,0,0
42817,26201,0,0,0,0,0
42818,26202,0,0,0,0,0
42820,25765,0,0,0,0,0
42821,26092,0,0,0,0,0
42822,26023,0,0,0,0,0
42823,26644,0,0,0,0,0
42825,24895,0,0,0,0,0
42827,26190,0,0,0,0,0
42828,24958,0,0,0,0,0
42829,25791,0,0,0,0,0
42830,25165,0,0,0,0,0
42831,25166,0,0,0,0,0
42832,25721,0,0,0,0,0
42833,26628,0,0,0,0,0
42834,25956,0,0,0,0,0
42835,26068,0,0,0,0,0
42836,27248,0,0,0,0,0
42837,27249,0,0,0,0,0
42838,24279,0,0,0,0,0
42839,27506,0,0,0,0,0
42840,27291,0,0,0,0,0
42841,26093,0,0,0,0,0
42842,26094,0,0,0,0,0
42843,26234,0,0,0,0,0
42844,26115,0,0,0,0,0
42845,24894,0,0,0,0,0
42846,24743,0,0,0,0,0
42848,24745,0,0,0,0,0
42849,26096,0,0,0,0,0
42850,25792,0,0,0,0,0
42851,25796,0,0,0,0,0
42852,26063,0,0,0,0,0
42853,25167,0,0,0,0,0
42854,24955,0,0,0,0,0
42855,31800,0,0,0,0,0
42856,24954,0,0,0,0,0
42858,25006,0,0,0,0,0
42860,26232,0,0,0,0,0
42861,25897,0,0,0,0,0
42862,27519,0,0,0,0,0
42863,26374,0,0,0,0,0
42864,25941,0,0,0,0,0
42868,24769,0,0,0,0,0
42870,24771,0,0,0,0,0
42873,26236,0,0,0,0,0
42874,26237,0,0,0,0,0
42875,25925,0,0,0,0,0
42876,25928,0,0,0,0,0
42877,25298,-1,2,0,1073741824,0
42878,26205,0,0,0,0,0
42879,26196,0,0,0,0,0
42880,24931,0,0,0,0,0
42881,24932,0,0,0,145,0
42882,26206,0,0,0,0,0
42883,26207,0,0,0,0,0
42884,26060,0,0,0,0,0
42885,26061,0,0,0,0,0
42886,26062,0,0,0,0,0
42888,24956,0,0,0,0,0
42891,25844,0,0,0,0,0
42892,25957,0,0,0,0,0
42894,25719,0,0,0,0,0
42897,26133,0,0,0,0,0
42898,26134,0,0,0,0,0
42899,26136,0,0,0,0,0
42901,25098,0,0,0,0,0
42902,25708,0,0,0,0,0
42903,25709,0,0,0,0,0
42904,25711,0,0,0,0,0
42905,24766,0,0,0,0,0
42907,24767,0,0,0,0,0
42908,26137,0,0,0,0,0
42910,26145,0,0,0,0,0
42911,26146,0,0,0,0,0
42912,26147,0,0,0,0,0
42913,24992,0,0,0,0,0
42914,26216,0,0,0,0,0
42915,26217,0,0,0,0,0
42916,26218,0,0,0,0,0
42917,25834,0,0,0,0,0
42918,25836,0,0,0,0,0
42922,25648,0,0,0,0,0
42923,26057,0,0,0,0,0
42924,26058,0,0,0,0,0
42925,26166,0,0,0,0,0
42926,26167,0,0,0,0,0
42927,24982,0,0,0,0,0
42928,26183,0,0,0,0,0
42930,25600,0,0,0,0,0
42931,24985,0,0,0,0,0
42932,24988,0,0,0,0,0
42934,25694,0,0,0,0,0
42936,26184,0,0,0,0,0
42937,25952,0,0,0,0,0
42938,24646,0,0,0,0,0
42939,25040,0,0,0,0,0
42941,25805,0,0,0,0,0
42942,25152,0,0,0,0,0
42943,25159,0,0,0,0,0
42944,24934,0,0,0,0,0
42945,26229,0,0,0,0,0
42946,26230,0,0,0,0,0
42947,25201,0,0,0,0,0
42948,24918,0,0,0,0,0
42949,24759,0,0,0,0,0
42951,24890,0,0,0,0,0
42952,24889,0,0,0,0,0
42953,24937,0,0,0,0,0
42957,24761,0,0,0,0,0
42958,24762,0,0,0,0,0
42961,24975,0,1073741824,0,0,0
42962,26179,0,0,0,0,0
42963,26041,0,0,0,0,0
42965,25931,0,0,0,0,0
42966,26185,0,0,0,0,0
42967,26186,0,0,0,0,0
42968,25604,0,0,0,0,0
42969,25726,0,0,0,0,0
42970,25042,0,0,0,0,0
42971,25043,0,0,0,0,0
42972,25934,0,0,0,0,0
42973,25935,0,0,0,0,0
42974,26189,0,0,0,0,0
42975,25031,0,0,0,0,0
42976,25104,0,0,0,0,0
42977,24919,0,0,0,0,0
42978,24920,0,0,0,0,0
42980,27242,0,0,0,0,0
42981,25756,0,0,0,0,0
42983,26140,0,0,0,0,0
42984,24959,0,0,0,0,0
42985,26047,0,0,0,0,0
42986,26168,0,0,0,0,0
42987,27245,0,0,0,0,0
42988,27246,0,0,0,0,0
42989,27247,0,0,0,0,0
42990,26144,0,0,0,0,0
42991,24983,0,0,0,0,0
42992,24984,0,0,0,0,0
42993,24986,0,0,0,0,0
42994,24987,0,0,0,0,0
42995,25100,0,0,0,0,0
42996,26663,0,0,0,0,0
42997,24999,0,0,0,0,0
42998,25881,0,0,0,0,0
42999,25044,0,0,0,0,0
43000,26149,0,0,0,0,0
43001,26150,0,0,0,0,0
43002,26151,0,0,0,0,0
43003,26152,0,0,0,0,0
43004,25105,0,0,0,0,0
43005,25027,0,0,0,0,0
43006,25720,0,0,0,0,0
43007,25724,0,0,0,0,0
43008,25725,0,0,0,0,0
43010,26008,0,0,0,0,0
43011,25185,0,0,0,0,0
43012,25106,0,0,0,0,0
43013,25107,0,0,0,0,0
43014,26156,0,0,0,0,0
43016,25994,0,0,0,0,0
43017,25794,0,0,0,0,0
43018,25799,0,0,0,0,0
43021,24754,0,0,0,0,0
43022,24649,0,0,0,0,0
43023,25656,0,0,0,0,0
43024,25685,0,0,0,0,0
43025,25688,0,0,0,0,0
43026,24757,0,0,0,0,0
43031,26457,0,0,0,0,0
43032,26312,0,0,0,0,0
43033,26397,0,0,0,0,0
43034,26355,0,0,0,0,0
43035,26347,0,0,0,0,0
43036,26348,0,0,0,0,0
43037,26400,0,0,0,0,0
43038,27639,0,0,0,0,0
43039,26484,0,0,0,0,0
43040,26483,0,0,0,0,0
43041,26485,0,0,0,0,0
43042,27683,-1,0,0,134217728,0
43043,26394,0,0,0,0,0
43044,26398,0,0,0,0,0
43045,26399,0,0,0,0,0
43046,27866,0,0,0,0,0
43047,28001,0,0,0,0,0
43048,26503,0,0,0,0,0
43049,26504,0,0,0,0,0
43050,26353,0,0,0,0,0
43051,26515,0,0,0,0,0
43052,26516,0,0,0,0,0
43053,26517,0,0,0,0,0
43054,26518,0,0,0,0,0
43055,26300,0,0,0,0,0
43056,26301,0,0,0,0,0
43057,26479,0,0,0,0,0
43059,26304,0,0,0,0,0
43060,26305,0,0,0,0,0
43061,26307,0,0,0,0,0
43062,26309,0,0,0,0,0
43063,27643,0,0,0,0,0
43064,27644,0,0,0,0,0
43065,26324,0,0,0,0,0
43066,26336,0,0,0,0,0
43067,26337,0,0,0,0,0
43068,26338,0,0,0,0,0
43069,28367,0,0,0,0,0
43070,28369,0,0,0,0,0
43071,28373,0,0,0,0,0
43072,28392,0,0,0,0,0
43073,27577,0,0,0,0,0
43074,27582,0,0,0,0,0
43075,26313,0,0,0,0,0
43076,27645,0,0,0,0,0
43077,26488,0,0,0,0,0
43079,28299,0,0,0,0,0
43080,26524,0,0,0,0,0
43081,26310,0,0,0,0,0
43082,26311,0,0,0,0,0
43083,26617,0,0,0,0,0
43084,26618,0,0,0,0,0
43085,26314,0,0,0,0,0
43086,26344,0,0,0,0,0
43087,26346,0,0,0,0,0
43088,26320,0,0,0,0,0
43091,26486,0,0,0,0,0
43092,26487,0,0,0,0,0
43093,28402,0,0,0,0,0
43094,28404,0,0,0,0,0
43095,28405,0,0,0,0,0
43096,26977,0,0,0,0,0
43097,27512,0,0,0,0,0
43098,26492,0,0,0,0,0
43099,26315,0,0,0,0,0
43100,26317,0,0,0,0,0
43101,28395,0,0,0,0,0
43102,26525,0,0,0,0,0
43103,26318,0,0,0,0,0
43104,26319,0,0,0,0,0
43105,26519,0,0,0,0,0
43106,27597,0,0,0,0,0
43107,28026,0,0,0,0,0
43108,27759,0,0,0,0,0
43109,26494,0,0,0,0,0
43111,25035,0,0,0,0,0
43112,26302,0,0,0,0,0
43113,26303,0,0,0,0,0
43115,26381,0,0,0,0,0
43116,26382,0,0,0,0,0
43117,26495,0,0,0,0,0
43118,26496,0,0,0,0,0
43119,26497,0,0,0,0,0
43120,24976,0,1073741824,0,0,0
43121,24977,0,1073741824,0,0,0
43122,27601,0,0,0,0,0
43123,26565,-1,134217728,0,0,0
43124,26569,0,0,0,0,0
43125,26325,0,0,0,0,0
43126,26329,0,0,0,0,0
43127,26332,0,0,0,0,0
43128,26333,0,0,0,0,0
43129,26334,0,0,0,0,0
43130,26335,0,0,0,0,0
43131,26458,0,0,0,0,0
43132,26464,0,0,0,0,0
43133,28337,0,0,0,0,0
43134,26490,0,0,0,0,0
43135,26491,0,0,0,0,0
43137,28409,0,0,0,0,0
43139,26361,0,0,0,0,0
43140,27651,0,0,0,0,0
43141,26636,0,0,0,0,0
43142,26646,0,0,0,0,0
43143,28338,0,0,0,0,0
43144,28339,0,0,0,0,0
43145,26500,0,0,0,0,0
43146,28406,0,0,0,0,0
43147,28408,0,0,0,0,0
43148,27043,0,0,0,0,0
43151,28109,0,0,0,0,0
43152,26546,0,0,0,0,0
43153,28343,0,0,0,0,0
43154,28344,0,0,0,0,0
43155,28345,0,0,0,0,0
43156,27654,0,0,0,0,0
43157,26404,0,0,0,0,0
43158,26471,0,0,0,0,0
43159,26465,0,0,0,0,0
43160,26505,0,0,0,0,0
43161,27038,0,0,0,0,0
43162,27039,0,0,0,0,0
43163,26322,0,0,0,0,0
43164,26323,0,0,0,0,0
43165,26356,0,0,0,0,0
43166,26357,0,0,0,0,0
43167,26358,0,0,0,0,0
43168,26359,0,0,0,0,0
43169,26360,0,0,0,0,0
43170,26498,0,0,0,0,0
43171,26499,0,0,0,0,0
43172,27636,-1,0,0,134217728,0
43173,26349,0,0,0,0,0
43174,26542,0,0,0,0,0
43175,27608,-1,134217728,0,0,0
43176,26463,0,0,0,0,0
43178,27766,0,0,0,0,0
43179,27771,0,0,0,0,0
43180,26352,0,0,0,0,0
43181,26295,0,0,0,0,0
43182,26501,0,0,0,0,0
43183,26502,0,0,0,0,0
43184,28386,0,0,0,0,0
43185,26543,0,0,0,0,0
43186,26544,0,0,0,0,0
43187,26368,0,0,0,0,0
43190,26680,0,0,0,0,0
43191,28346,0,0,0,0,0
43192,28347,0,0,0,0,0
43193,28348,0,0,0,0,0
43194,26512,0,0,0,0,0
43195,26296,0,0,0,0,0
43196,26297,0,0,0,0,0
43197,26506,0,0,0,0,0
43198,26513,0,0,0,0,0
43199,26514,0,0,0,0,0
43200,28375,0,0,0,0,0
43202,26591,0,0,0,0,0
43203,26594,0,0,0,0,0
43204,26362,0,0,0,0,0
43205,28308,0,0,0,0,0
43206,26552,0,0,0,0,0
43207,26507,0,0,0,0,0
43208,26508,0,0,0,0,0
43209,26509,0,0,0,0,0
43210,26521,0,0,0,0,0
43212,28307,0,0,0,0,0
43213,25813,0,0,0,0,0
43214,25868,0,0,0,0,0
43215,25869,0,0,0,0,0
43216,25870,0,0,0,0,0
43217,25871,0,0,0,0,0
43218,27522,0,0,0,0,0
43219,27609,-1,0,0,134217728,0
43220,27289,0,0,0,0,0
43221,27338,0,0,0,0,0
43222,25861,0,0,0,0,0
43223,25872,0,0,0,0,0
43224,25822,0,0,0,0,0
43225,25823,0,0,0,0,0
43226,25824,0,0,0,0,0
43228,27287,0,0,0,0,0
43229,26284,0,0,0,0,0
43230,26264,0,0,0,0,0
43231,25865,0,0,0,0,0
43232,25866,0,0,0,0,0
43233,26668,0,0,0,0,0
43234,27288,0,0,0,0,0
43235,25825,0,0,0,0,0
43237,26270,0,0,0,0,0
43238,25839,0,0,0,0,0
43239,27539,0,0,0,0,0
43240,26351,0,0,0,0,0
43241,26664,0,0,0,0,0
43242,25896,0,0,0,0,0
43243,25923,0,0,0,0,0
43244,25924,0,0,0,0,0
43245,25926,0,0,0,0,0
43246,27525,0,0,0,0,0
43247,25816,-1,0,0,134217728,0
43248,25763,0,0,0,0,0
43249,27360,0,0,0,0,0
43250,28315,0,0,0,0,0
43251,28316,0,0,0,0,0
43252,27691,0,0,0,0,0
43253,27692,0,0,0,0,0
43254,28147,0,0,0,0,0
43255,27191,0,0,0,0,0
43258,26275,0,0,0,0,0
43259,29099,0,0,0,0,0
43260,29101,0,0,0,0,0
43261,26299,0,0,0,0,0
43262,27530,-1,0,0,1073741824,0
43263,28140,0,0,0,0,0
43265,26511,0,0,0,0,0
43266,27614,0,0,0,0,0
43267,27616,0,0,0,0,0
43268,25840,0,0,0,0,0
43269,25841,0,0,0,0,0
43270,25842,0,0,0,0,0
43271,25921,0,0,0,0,0
43272,25846,0,0,0,0,0
43273,25831,0,0,0,0,0
43274,25838,0,0,0,0,0
43275,26326,0,0,0,0,0
43276,26327,0,0,0,0,0
43277,25767,0,0,0,0,0
43278,25784,0,0,0,0,0
43279,26271,0,0,0,0,0
43280,25938,0,0,0,0,0
43281,25942,0,0,0,0,0
43282,27509,0,0,0,0,0
43283,27583,0,0,0,0,0
43284,26328,0,0,0,0,0
43285,26354,0,0,0,0,0
43286,26339,0,0,0,0,0
43287,26340,0,0,0,0,0
43288,26345,0,0,0,0,0
43289,25936,0,0,0,0,0
43290,25937,0,0,0,0,0
43291,25943,0,0,0,0,0
43292,26298,0,0,0,0,0
43293,26293,0,0,0,0,0
43294,26306,0,0,0,0,0
43295,26493,0,0,0,0,0
43296,25927,0,0,0,0,0
43297,25929,0,0,0,0,0
43298,26510,0,0,0,0,0
43299,25932,0,0,0,0,0
43300,25933,0,0,0,0,0
43301,25671,0,0,0,0,0
43302,27685,0,0,0,0,0
43303,27687,0,0,0,0,0
43304,27521,0,0,0,0,0
43305,27523,0,0,0,0,0
43306,27524,0,0,0,0,0
43307,25800,0,0,0,0,0
43308,26321,0,0,0,0,0
43309,27688,0,0,0,0,0
43310,25672,0,0,0,0,0
43311,25789,0,0,0,0,0
43312,25797,0,0,0,0,0
43313,25944,0,0,0,0,0
43314,25802,0,0,0,0,0
43315,25803,0,0,0,0,0
43316,25880,0,0,0,0,0
43317,25882,0,0,0,0,0
43318,26446,0,0,0,0,0
43319,26447,0,0,0,0,0
43320,27517,0,0,0,0,0
43321,27628,0,0,0,0,0
43322,27629,0,0,0,0,0
43324,26291,0,0,0,0,0
43325,26292,0,0,0,0,0
43326,25945,0,0,0,0,0
43327,26268,0,0,0,0,0
43328,26255,0,0,0,0,0
43329,26285,0,0,0,0,0
43330,26286,0,0,0,0,0
43331,26553,0,0,0,0,0
43332,26554,0,0,0,0,0
43333,26294,0,0,0,0,0
43334,25785,0,0,0,0,0
43335,26308,0,0,0,0,0
43336,26316,0,0,0,0,0
43337,27505,0,0,0,0,0
43338,25930,0,0,0,0,0
43339,27510,0,0,0,0,0
43340,25826,0,0,0,0,0
43341,25827,0,0,0,0,0
43342,25828,0,0,0,0,0
43343,26555,0,0,0,0,0
43344,27529,0,0,0,0,0
43345,25769,0,0,0,0,0
43346,25772,0,0,0,0,0
43347,25773,0,0,0,0,0
43348,25775,0,0,0,0,0
43349,27507,0,0,0,0,0
43350,27244,0,0,0,0,0
43351,26556,0,0,0,0,0
43352,26557,0,0,0,0,0
43353,26558,0,0,0,0,0
43354,26559,0,0,0,0,0
43355,25883,0,0,0,0,0
43356,25771,-1,0,0,0,0
43357,25860,0,0,0,0,0
43358,25867,0,0,0,0,0
43359,27630,0,0,0,0,0
43360,27631,0,0,0,0,0
43361,27503,0,0,0,0,0
43362,27504,0,0,0,0,0
43363,27541,0,0,0,0,0
43364,25884,0,0,0,0,0
43365,25885,0,0,0,0,0
43366,26262,0,0,0,0,0
43367,27627,0,0,0,0,0
43368,25893,0,0,0,0,0
43369,25798,0,0,0,0,0
43370,25900,0,0,0,0,0
43371,25657,0,0,0,0,0
43372,25830,0,0,0,0,0
43374,25878,0,0,0,0,0
43375,25879,0,0,0,0,0
43376,26256,0,0,0,0,0
43377,26257,0,0,0,0,0
43378,25783,0,0,0,0,0
43379,28441,0,0,0,0,0
43380,28452,0,0,0,0,0
43381,27931,0,0,0,0,0
43382,27935,0,0,0,0,0
43383,28526,0,0,0,0,0
43384,28326,0,0,0,0,0
43385,27870,0,0,0,0,0
43386,28225,0,0,0,0,0
43387,28227,0,0,0,0,0
43388,28025,0,0,0,0,0
43389,27184,0,0,0,0,0
43390,27190,0,0,0,0,0
43392,27986,-1,0,0,134217728,0
43393,28092,0,0,0,0,0
43394,28095,0,0,0,0,0
43395,28717,-1,671588450,0,145,0
43396,28180,0,0,0,0,0
43397,28182,0,0,0,0,0
43398,28183,0,0,0,0,0
43399,28424,0,0,0,0,0
43400,28425,0,0,0,0,0
43403,28008,0,0,0,0,0
43404,28009,0,0,0,0,0
43405,28010,0,0,0,0,0
43406,28011,0,0,0,0,0
43407,28138,0,0,0,0,0
43408,28139,0,0,0,0,0
43409,29500,0,0,0,0,0
43410,28195,0,0,0,0,0
43411,28179,0,0,0,0,0
43412,27598,0,0,0,0,0
43413,28187,0,0,0,0,0
43414,28190,0,0,0,0,0
43415,28020,0,0,0,0,0
43416,28024,0,0,0,0,0
43417,28414,0,0,0,0,0
43418,28006,0,0,0,0,0
43419,28078,0,0,0,0,0
43420,28438,0,0,0,0,0
43421,28199,0,0,0,0,0
43423,28742,0,0,0,0,0
43424,27146,0,0,0,0,0
43426,27600,0,0,0,0,0
43427,28290,0,0,0,0,0
43428,28319,0,0,0,0,0
43429,28324,0,0,0,0,0
43430,27883,0,0,0,0,0
43431,27884,0,0,0,0,0
43433,28201,0,0,0,0,0
43434,28216,0,0,0,0,0
43435,28217,0,0,0,0,0
43436,28218,0,0,0,0,0
43437,28336,0,0,0,0,0
43438,28351,0,0,0,0,0
43440,28184,0,0,0,0,0
43441,28185,0,0,0,0,0
43442,27885,0,0,0,0,0
43443,27886,0,0,0,0,0
43444,27888,0,0,0,0,0
43445,28110,0,0,0,0,0
43446,28111,0,0,0,0,0
43447,28018,0,0,0,0,0
43448,28457,0,0,0,0,0
43449,27738,0,0,0,0,0
43450,28204,0,0,0,0,0
43451,28203,0,0,0,0,0
43452,28206,0,0,0,0,0
43453,27922,0,0,0,0,0
43454,27929,0,0,0,0,0
43456,27573,0,0,0,0,0
43457,27813,-1,1073741824,0,0,0
43458,27742,0,0,0,0,0
43459,26632,0,0,0,0,0
43460,26585,0,0,0,0,0
43461,28238,0,0,0,0,0
43462,28239,0,0,0,0,0
43463,28240,0,0,0,0,0
43465,28445,0,0,0,0,0
43467,27677,0,0,0,0,0
43468,27678,0,0,0,0,0
43469,27894,0,0,0,0,0
43470,27895,0,0,0,0,0
43471,27203,0,0,0,0,0
43472,27206,0,0,0,0,0
43473,29437,0,0,0,0,0
43474,28096,0,0,0,0,0
43475,28115,0,0,0,0,0
43476,28157,0,0,0,0,0
43477,28114,0,0,0,0,0
43478,28137,0,0,0,0,0
43480,28745,0,0,0,0,0
43481,28159,0,0,0,0,0
43482,28160,0,0,0,0,0
43483,28169,0,0,0,0,0
43484,27549,0,0,0,0,0
43485,28415,0,0,0,0,0
43486,28196,0,0,0,0,0
43488,27672,0,0,0,0,0
43489,27674,0,0,0,0,0
43490,27225,0,0,0,0,0
43496,28007,0,0,0,0,0
43498,29499,0,0,0,0,0
43499,28417,0,0,0,0,0
43500,28699,0,0,0,0,0
43501,28194,0,0,0,0,0
43502,28175,0,0,0,0,0
43503,28177,0,0,0,0,0
43504,28533,0,0,0,0,0
43505,28292,0,0,0,0,0
43506,28727,0,0,0,0,0
43507,28097,0,0,0,0,0
43508,28320,0,0,0,0,0
43509,28321,0,0,0,0,0
43510,27893,0,0,0,0,0
43511,28416,0,0,0,0,0
43512,28523,0,0,0,0,0
43513,28453,0,0,0,0,0
43514,28454,0,0,0,0,0
43515,28197,0,0,0,0,0
43516,28198,0,0,0,0,0
43518,28442,0,0,0,0,0
43519,28443,0,0,0,0,0
43520,28444,0,0,0,0,0
43521,28446,0,0,0,0,0
43522,28455,0,0,0,0,0
43523,27928,0,0,0,0,0
43524,28522,0,0,0,0,0
43525,28116,0,0,0,0,0
43526,28117,0,0,0,0,0
43527,28154,-1,671588450,0,145,0
43528,27202,0,0,0,0,0
43529,28449,0,0,0,0,0
43530,28234,0,0,0,0,0
43531,28235,0,0,0,0,0
43532,28236,0,0,0,0,0
43533,28031,0,0,0,0,0
43534,28032,0,0,0,0,0
43535,28033,0,0,0,0,0
43536,28034,0,0,0,0,0
43537,28035,0,0,0,0,0
43540,27871,0,0,0,0,0
43541,28237,0,0,0,0,0
43542,27936,0,0,0,0,0
43543,27839,0,0,0,0,0
43544,28108,0,0,0,0,0
43545,27873,0,0,0,0,0
43546,27887,0,0,0,0,0
43547,27889,0,0,0,0,0
43548,27892,0,0,0,0,0
43549,28421,0,0,0,0,0
43550,28422,0,0,0,0,0
43551,28423,0,0,0,0,0
43552,28432,0,0,0,0,0
43553,28434,0,0,0,0,0
43554,27930,0,0,0,0,0
43555,27896,0,0,0,0,0
43556,28524,0,0,0,0,0
43557,26671,0,0,0,0,0
43558,26672,0,0,0,0,0
43559,27736,0,0,0,0,0
43560,27811,0,0,0,0,0
43561,27812,0,0,0,0,0
43562,26392,0,0,0,0,0
43564,26869,0,0,0,0,0
43565,26870,0,0,0,0,0
43566,26685,0,0,0,0,0
43567,26687,0,0,0,0,0
43568,27697,0,0,0,0,0
43569,27803,-1,134217728,0,0,0
43570,27815,0,0,0,0,0
43571,26622,0,0,0,0,0
43572,26623,0,0,0,0,0
43573,26624,0,0,0,0,0
43574,27657,0,0,0,0,0
43575,26648,0,0,0,0,0
43576,27662,0,0,0,0,0
43577,27663,0,0,0,0,0
43578,26641,0,0,0,0,0
43579,27690,0,0,0,0,0
43580,26625,0,0,0,0,0
43581,26575,0,0,0,0,0
43582,26665,0,0,0,0,0
43583,26649,0,0,0,0,0
43584,27789,0,0,0,0,0
43585,26673,0,0,0,0,0
43586,26388,0,0,0,0,0
43587,27805,-1,134217728,0,0,0
43588,27818,-1,1073741824,0,0,0
43589,26639,0,0,0,0,0
43590,26879,0,0,0,0,0
43591,26564,0,0,0,0,0
43592,26570,0,0,0,0,0
43593,27810,0,0,0,0,0
43594,28349,0,0,0,0,0
43595,26901,0,0,0,0,0
43597,29132,0,0,0,0,0
43598,29133,0,0,0,0,0
43599,26675,0,0,0,0,0
43600,27667,0,0,0,0,0
43601,27668,0,0,0,0,0
43602,28291,0,0,0,0,0
43603,26898,0,0,0,0,0
43604,26670,0,0,0,0,0
43605,26921,0,0,0,0,0
43606,26923,0,0,0,0,0
43607,26924,0,0,0,0,0
43608,26744,0,0,0,0,0
43612,29201,0,0,0,0,0
43613,28098,0,0,0,0,0
43614,28099,0,0,0,0,0
43615,27824,0,0,0,0,0
43616,27790,0,0,0,0,0
43617,27816,0,0,0,0,0
43618,27817,-1,1073741824,0,0,0
43619,27849,0,0,0,0,0
43620,26584,0,0,0,0,0
43621,26633,0,0,0,0,0
43622,26634,0,0,0,0,0
43623,28688,0,0,0,0,0
43624,28697,0,0,0,0,0
43625,26674,0,0,0,0,0
43626,27208,0,0,0,0,0
43628,27852,0,0,0,0,0
43629,26608,0,0,0,0,0
43630,27808,0,0,0,0,0
43631,26577,0,0,0,0,0
43632,27804,-1,134217728,0,0,0
43633,26630,0,0,0,0,0
43634,26631,0,0,0,0,0
43635,26678,0,0,0,0,0
43636,26681,0,0,0,0,0
43637,26615,0,0,0,0,0
43640,26899,0,0,0,0,0
43641,26602,0,0,0,0,0
43642,26603,0,0,0,0,0
43643,27201,0,0,0,0,0
43644,27205,0,0,0,0,0
43645,27699,0,0,0,0,0
43646,27701,0,0,0,0,0
43647,30090,0,0,0,0,0
43648,27998,0,0,0,0,0
43649,26635,0,0,0,0,0
43650,26659,0,0,0,0,0
43651,27826,0,0,0,0,0
43652,27713,0,0,0,0,0
43653,27718,0,0,0,0,0
43654,26651,0,0,0,1,0
43655,27605,-1,0,0,134217728,0
43656,26637,0,0,0,0,0
43658,26683,0,0,0,0,0
43659,27779,-1,0,0,134217728,0
43660,27702,0,0,0,0,0
43661,26586,0,0,0,0,0
43662,27741,0,0,0,0,0
43663,26682,0,0,0,0,0
43664,27606,-1,134217728,0,0,0
43665,27607,-1,0,0,134217728,0
43666,26589,0,0,0,0,0
43667,26767,0,0,0,0,0
43668,29934,0,1073742079,0,0,0
43669,26619,0,0,0,0,0
43670,26592,0,0,0,0,0
43671,26626,0,0,0,0,0
43672,27840,0,0,0,0,0
43673,27841,-1,0,0,134217728,0
43674,26768,0,0,0,0,0
43675,26769,0,0,0,0,0
43676,26787,0,0,0,0,0
43677,26789,0,0,0,0,0
43678,26638,0,0,0,0,0
43679,27745,0,0,0,0,0
43680,27747,0,0,0,0,0
43681,27748,0,0,0,0,0
43682,27749,0,0,0,0,0
43683,26390,0,0,0,0,0
43684,26676,0,0,0,0,0
43685,27827,-1,134217728,0,0,0
43686,27800,-1,134217728,0,0,0
43687,27801,-1,134217728,0,0,0
43688,27802,0,0,0,0,0
43689,26684,0,0,0,0,0
43690,26802,0,0,0,0,0
43691,26837,0,0,0,0,0
43692,26838,0,0,0,0,0
43693,26846,0,0,0,0,0
43694,27739,0,0,0,0,0
43695,27795,0,0,0,0,0
43696,27799,-1,134217728,0,0,0
43697,26642,0,0,0,0,0
43698,27740,3,0,0,0,0
43699,27792,0,0,0,0,0
43700,27610,-1,0,0,134217728,0
43704,29032,0,0,0,0,0
43705,29033,0,0,0,0,0
43706,28085,0,0,0,0,0
43707,28087,0,0,0,0,0
43708,29660,0,0,0,0,0
43709,29442,0,0,0,0,0
43710,29785,0,0,0,0,0
43711,30800,0,0,0,0,0
43713,28860,0,0,0,0,0
43714,30801,0,0,0,0,0
43715,28992,0,0,0,0,0
43716,28994,0,0,0,0,0
43717,28940,0,0,0,0,0
43718,28941,0,0,0,0,0
43719,30117,0,0,0,0,0
43721,29318,0,0,0,0,0
43723,28748,0,0,0,0,0
43724,29294,0,0,0,0,0
43725,28819,0,0,0,0,0
43727,28943,0,0,0,0,0
43728,28945,0,0,0,0,0
43729,28946,0,0,0,0,0
43730,28886,0,0,0,0,0
43731,28861,0,0,0,0,0
43732,28862,0,0,0,0,0
43733,28864,0,0,0,0,0
43734,28089,0,0,0,0,0
43735,28090,0,0,0,0,0
43736,28091,0,0,0,0,0
43737,28951,0,0,0,0,0
43738,28952,0,0,0,0,0
43739,29025,0,0,0,0,0
43740,29026,0,0,0,0,0
43741,29027,0,0,0,0,0
43742,29250,0,0,0,0,0
43743,29258,0,0,0,0,0
43744,28743,0,0,0,0,0
43745,28366,0,0,0,0,0
43746,28999,0,0,0,0,0
43747,29034,0,0,0,0,0
43748,29028,0,0,0,0,0
43749,29030,0,0,0,0,0
43750,28835,0,0,0,0,0
43751,30796,0,0,0,0,0
43752,29519,0,0,0,0,0
43753,29530,0,0,0,0,0
43754,29011,0,0,0,0,0
43755,31557,0,0,0,0,0
43756,31562,0,0,0,0,0
43757,31563,0,0,0,0,0
43759,29423,0,0,0,0,0
43760,29484,0,0,0,0,0
43761,29498,0,0,0,0,0
43762,29388,0,0,0,0,0
43763,28888,0,0,0,0,0
43764,28921,0,0,0,0,0
43765,30176,0,0,0,0,0
43766,29181,0,0,0,0,0
43767,31565,0,0,0,0,0
43768,29230,0,0,0,0,0
43769,29232,0,0,0,0,0
43770,28771,0,0,0,0,0
43771,30114,0,0,0,0,0
43772,30116,0,0,0,0,0
43773,29009,0,0,0,0,0
43774,29010,0,0,0,0,0
43775,29462,0,0,0,0,0
43777,30227,0,0,0,0,0
43778,29183,0,0,0,0,0
43779,29130,0,0,0,0,0
43780,28364,0,0,0,0,0
43781,28365,0,0,0,0,0
43782,28370,0,0,0,0,0
43783,28371,0,0,0,0,0
43784,28374,0,0,0,0,0
43785,30119,0,0,0,0,0
43786,30132,0,0,0,0,0
43787,30134,0,0,0,0,0
43788,28881,0,0,0,0,0
43789,28882,0,0,0,0,0
43790,29040,0,0,0,0,0
43791,29042,0,0,0,0,0
43792,29036,0,0,0,0,0
43793,28836,0,0,0,0,0
43794,28865,0,0,0,0,0
43795,31316,0,0,0,0,0
43797,29316,0,0,0,0,0
43798,29681,0,0,0,0,0
43799,30683,0,0,0,0,0
43800,29273,0,0,0,0,0
43801,28884,0,0,0,0,0
43802,29037,0,0,0,0,0
43803,29682,0,0,0,0,0
43804,29708,0,0,0,0,0
43805,29715,0,0,0,0,0
43806,29166,0,1073741824,0,2,0
43807,29270,0,0,0,0,0
43809,28776,0,0,0,0,0
43810,28781,0,0,0,0,0
43811,29536,0,0,0,0,0
43812,29518,0,0,0,0,0
43813,30228,0,0,0,0,0
43814,30676,0,0,0,0,0
43815,31018,-1,0,0,1,0
43816,28873,0,0,0,0,0
43817,28874,0,0,0,0,0
43818,30118,0,0,0,0,0
43819,30122,0,0,0,0,0
43820,30211,0,0,0,0,0
43821,30215,0,0,0,0,0
43822,30839,0,0,0,0,0
43824,28280,0,0,0,0,0
43825,28281,0,0,0,0,0
43827,30097,0,0,0,0,0
43828,30101,0,0,0,0,0
43829,29510,0,0,0,0,0
43830,28942,0,0,0,0,0
43831,29000,0,0,0,0,0
43832,29125,0,0,0,0,0
43835,29336,0,0,0,0,0
43836,28919,0,0,0,0,0
43839,28931,0,0,0,0,0
43840,28934,0,0,0,0,0
43841,29126,0,0,0,0,0
43842,29127,0,0,0,0,0
43843,29004,0,0,0,0,0
43844,29006,0,0,0,0,0
43845,28764,0,0,0,0,0
43846,28928,0,0,0,0,0
43847,28923,0,0,0,0,0
43848,28926,0,0,0,0,0
43849,28930,0,0,0,0,0
43850,29287,0,0,0,0,0
43851,28287,0,0,0,0,0
43852,28288,0,0,0,0,0
43853,28289,0,0,0,0,0
43854,28920,0,0,0,0,0
43855,28932,0,0,0,0,0
43856,28935,0,0,0,0,0
43857,28937,0,0,0,0,0
43858,28939,0,0,0,0,0
43859,28949,0,0,0,0,0
43860,29135,0,0,0,0,0
43861,29216,0,0,0,0,0
43862,29217,0,0,0,0,0
43863,28785,0,0,0,0,0
43864,29153,0,0,0,0,0
43865,29154,0,0,0,0,0
43866,29239,0,0,0,0,0
43867,28534,0,0,0,0,0
43868,28810,-1,0,0,134217728,0
43869,29262,0,0,0,0,0
43870,28806,0,0,0,0,0
43871,29116,0,0,0,0,0
43872,29247,0,0,0,0,0
43873,29248,0,0,0,0,0
43874,28832,0,0,0,0,0
43875,29274,-1,1073741824,0,0,0
43876,29114,0,0,0,0,0
43877,29275,-1,1073741824,0,0,0
43878,29288,-1,1073741824,0,0,0
43879,29214,0,0,0,0,0
43880,29215,0,0,0,0,0
43881,29173,0,0,0,0,0
43882,29175,0,0,0,0,0
43883,29280,0,0,0,0,0
43884,29281,0,0,0,0,0
43885,29282,0,0,0,0,0
43886,29283,0,0,0,0,0
43887,29284,-1,1073741824,0,0,0
43888,29285,0,0,0,0,0
43889,29226,0,0,0,0,0
43890,28786,0,0,0,0,0
43891,28833,0,0,0,0,0
43892,29224,0,0,0,0,0
43893,29223,0,0,0,0,0
43894,29225,0,0,0,0,0
43895,29264,0,0,0,0,0
43896,29102,0,0,0,0,0
43897,29103,0,0,0,0,0
43898,29104,0,0,0,0,0
43899,29261,0,0,0,0,0
43901,29265,0,0,0,0,0
43902,29267,0,0,0,0,0
43903,29014,0,0,0,0,0
43904,28467,0,0,0,0,0
43905,29012,0,0,0,0,0
43906,29013,0,0,0,0,0
43907,28470,0,0,0,0,0
43908,28471,0,0,0,0,0
43909,28749,0,0,0,0,0
43910,29015,0,0,0,0,0
43911,29016,0,0,0,0,0
43912,30754,0,0,0,0,0
43913,29227,0,0,0,0,0
43914,28958,0,0,0,0,0
43915,29105,0,0,0,0,0
43916,29107,0,0,0,0,0
43917,30794,0,0,0,0,0
43918,29108,0,0,0,0,0
43919,29017,0,0,0,0,0
43920,29018,0,0,0,0,0
43921,30297,0,0,0,0,0
43922,29144,0,0,0,0,0
43923,29145,0,0,0,0,0
43925,29021,0,0,0,0,0
43926,30795,0,0,0,0,0
43927,30797,0,0,0,0,0
43928,30799,0,0,0,0,0
43929,28853,0,0,0,0,0
43930,29019,0,0,0,0,0
43931,29020,0,0,0,0,0
43932,30238,-1,134217728,0,0,0
43934,27938,0,0,0,0,0
43935,27939,0,0,0,0,0
43937,29143,0,0,0,0,0
43938,28854,0,0,0,0,0
43939,29022,0,0,0,0,0
43940,29023,0,0,0,0,0
43941,29024,0,0,0,0,0
43942,27932,0,0,0,0,0
43943,27933,0,0,0,0,0
43944,27934,0,0,0,0,0
43945,30802,0,0,0,0,0
43946,30894,0,0,0,0,0
43947,28353,0,0,0,0,0
43948,28354,0,0,0,0,0
43949,28355,0,0,0,0,0
43950,28278,0,0,0,0,0
43951,27915,0,0,0,0,0
43952,27937,0,0,0,0,0
43953,28352,0,0,0,0,0
43954,28885,0,0,0,0,0
43955,29136,0,0,0,0,0
43956,29137,0,0,0,0,0
43957,29138,0,0,0,0,0
43958,29139,0,0,0,0,0
43959,30803,0,0,0,0,0
43960,30804,0,0,0,0,0
43961,30805,0,0,0,0,0
43962,30806,0,0,0,0,0
43963,30807,0,0,0,0,0
43964,30808,0,0,0,0,0
43965,30809,0,0,0,0,0
43966,28266,0,0,0,0,0
43967,29249,0,0,0,0,0
43968,29252,0,0,0,0,0
43969,29255,0,0,0,0,0
43970,28250,0,0,0,0,0
43971,29140,0,0,0,0,0
43972,30243,0,0,0,0,0
43973,30244,0,0,0,0,0
43974,28041,0,0,0,0,0
43975,28054,0,0,0,0,0
43976,28834,0,0,0,0,0
43977,29256,0,0,0,0,0
43978,29257,0,0,0,0,0
43979,30684,0,0,0,0,0
43980,28801,0,0,0,0,0
43981,30814,0,0,0,0,0
43982,27921,0,0,0,0,0
43983,28929,0,0,0,0,0
43985,28265,0,0,0,0,0
43986,29266,0,0,0,0,0
43987,29268,0,0,0,0,0
43988,29269,0,0,0,0,0
43989,28427,0,0,0,0,0
43990,30810,0,0,0,0,0
43991,30811,0,0,0,0,0
43992,30812,0,0,0,0,0
43993,30813,0,0,0,0,0
43994,28062,0,0,0,0,0
43995,28082,0,0,0,0,0
43996,28083,0,0,0,0,0
43998,28782,0,0,0,0,0
43999,28784,0,0,0,0,0
44000,28893,0,0,0,0,0
44001,29146,0,0,0,0,0
44002,28359,0,0,0,0,0
44003,28859,0,0,0,0,0
44004,29234,0,0,0,0,0
44005,27553,-1,0,0,8192,0
44006,27554,-1,0,0,8192,0
44007,28129,0,0,0,0,0
44009,28956,0,0,0,0,0
44010,29031,0,0,0,0,0
44011,29035,0,0,0,0,0
44012,29237,0,0,0,0,0
44013,29240,0,0,0,0,0
44014,28458,0,0,0,0,0
44015,28132,0,0,0,0,0
44016,29238,0,0,0,0,0
44017,27550,0,0,0,0,0
44018,27551,-1,0,0,8192,0
44019,27552,0,0,0,0,0
44020,27556,-1,0,0,16384,0
44021,27557,-1,0,0,16384,0
44022,28908,0,0,0,0,0
44023,28909,0,0,0,0,0
44024,28133,-1,134217728,0,0,0
44025,28426,0,0,0,0,0
44026,29286,-1,1073741824,0,0,0
44027,29389,0,0,0,0,0
44028,29391,0,0,0,0,0
44029,29393,0,0,0,0,0
44030,29394,0,0,0,0,0
44031,29398,0,0,0,0,0
44032,29399,0,0,0,0,0
44033,30660,0,0,0,0,0
44034,29410,0,0,0,0,0
44035,29411,0,0,0,0,0
44036,29412,0,0,0,0,0
44037,29931,0,1073742079,0,0,0
44038,29945,0,0,0,0,0
44039,29994,0,1073742079,0,0,0
44040,31255,0,0,0,0,0
44041,30906,0,0,0,0,0
44043,30059,0,-402136833,0,0,0
44044,29313,0,0,0,0,0
44045,29899,0,0,0,0,0
44046,29508,0,0,0,0,0
44047,29509,0,0,0,0,0
44048,29327,0,0,0,0,0
44049,29351,0,0,0,0,0
44050,29357,0,0,0,0,0
44052,29820,0,0,0,0,0
44053,29831,0,0,0,0,0
44054,30685,0,0,0,0,0
44056,29329,0,0,0,0,0
44057,29910,0,0,0,0,0
44058,29879,0,0,0,0,0
44059,29897,0,0,0,0,0
44063,30133,0,0,0,0,0
44064,29422,0,0,0,0,0
44065,30025,0,0,0,0,0
44066,29430,0,0,0,0,0
44067,29937,0,0,0,0,0
44068,30088,0,0,0,0,0
44069,29296,0,0,0,0,0
44070,29409,0,0,0,0,0
44071,31768,0,0,0,0,0
44072,31818,0,0,0,0,0
44073,32061,0,0,0,0,0
44074,31725,0,0,0,0,0
44075,29188,0,0,0,0,0
44077,29190,0,0,0,0,0
44079,29871,0,0,0,0,0
44080,29874,0,0,0,0,0
44081,29330,0,0,0,0,0
44083,30012,-1,0,0,65536,0
44084,29350,0,0,0,0,0
44085,29379,0,0,0,0,0
44086,29392,0,0,0,0,0
44087,29331,0,0,0,0,0
44089,30919,0,0,0,0,0
44090,30920,0,0,0,0,0
44091,29875,0,0,0,0,0
44092,30082,0,0,0,0,0
44093,30163,0,0,0,0,0
44094,29471,0,0,0,0,0
44095,29894,0,0,0,0,0
44096,29895,0,0,0,0,0
44097,29898,0,0,0,0,0
44098,30880,0,0,0,0,0
44099,30882,0,0,0,0,0
44101,30905,0,0,0,0,0
44102,30089,0,0,0,0,0
44104,31400,0,0,0,0,0
44105,31415,0,0,0,0,0
44106,30056,0,0,0,0,0
44107,30058,0,-402136833,0,0,0
44108,30677,0,0,0,0,0
44109,30682,0,0,0,0,0
44113,31364,0,0,0,0,0
44115,31466,0,0,0,0,0
44117,30902,0,0,0,0,0
44118,30903,0,0,0,0,0
44119,30904,0,0,0,0,0
44120,29434,0,0,0,0,0
44121,29533,0,0,0,0,0
44124,30895,0,0,0,0,0
44126,29400,0,0,0,0,0
44127,30074,0,0,0,0,0
44128,30075,0,0,0,0,0
44129,30076,0,0,0,0,0
44130,31416,0,0,0,0,0
44131,31417,0,0,0,0,0
44132,31418,0,0,0,0,0
44133,31419,0,0,0,0,0
44134,31420,0,0,0,0,0
44136,29429,0,0,0,0,0
44137,29401,0,0,0,0,0
44139,28954,0,0,0,0,0
44140,28959,0,0,0,0,0
50245,364163,-1,1073741824,0,0,0
51036,399985,-1,0,0,536870912,0
51038,400029,-1,0,0,0,0
51045,401859,0,134217728,0,-2147483648,0
51047,401937,0,134217728,0,-2147483648,0
51048,401946,-1,134217728,0,-2147483648,0
51050,401955,-1,0,0,134217728,0
51051,401962,-1,0,0,0,0
51052,401977,0,0,0,134217728,0
51053,401990,-1,0,0,0,0
51054,401991,-1,0,0,0,0
51055,402004,-1,0,0,0,0
51060,402789,0,0,0,134217728,0
51061,402799,0,0,0,134217728,0
51062,402801,0,0,0,134217728,0
51063,402802,0,0,0,134217728,0
51072,403338,0,0,0,131072,0
51073,403789,2,1073741824,0,0,0
51098,406722,-1,0,0,0,0
51099,406754,-1,0,0,0,0
51106,407800,-1,0,0,0,0
51107,407957,-1,0,0,0,0
51110,407989,0,0,0,1,0
51111,407993,-1,0,0,1,0
51112,407995,-1,0,0,144,0
51115,408120,-1,1073741824,0,2,0
51116,408124,-1,1073741824,0,2,0
51117,408245,-1,0,0,0,0
51118,408247,-1,1073741981,0,2,0
51120,408521,-1,1073741824,0,0,0
51122,408693,-1,0,0,0,0
51126,409333,-1,0,0,0,0
51127,409337,-1,0,0,0,0
51128,409372,-1,0,0,0,0
51135,410412,-1,0,0,0,0
51137,411124,0,0,0,144,0
51138,411128,0,0,0,1,0
51139,410176,0,0,0,145,0
51141,411688,-1,0,0,65536,0
51143,412513,1,0,0,0,0
51144,412788,-1,0,0,0,0
51149,413259,-1,0,0,134217728,0
51151,413589,-1,0,0,0,0
51156,414621,0,0,0,145,0
51157,414644,-1,0,0,144,0
51158,414684,-1,2,0,1073741824,0
51159,414687,-1,0,0,144,0
51160,414689,-1,0,0,1,0
51165,414827,0,0,0,144,0
51167,415242,-1,0,0,0,0
51168,415292,-1,0,0,0,0
51176,417045,-1,0,0,1,0
51177,417057,-1,1073741824,0,2,0
51178,417058,-1,1073741824,0,2,0
51179,417059,-1,1073741824,0,2,0
51180,417060,-1,1073741824,0,2,0
51181,417061,-1,1073741824,0,2,0
51182,417062,-1,1073741824,0,2,0
51183,417063,-1,1073741824,0,2,0
51184,417064,-1,1073741824,0,2,0
51185,417065,-1,1073741824,0,2,0
51186,417066,-1,1073741824,0,2,0
51187,417068,-1,1073741824,0,2,0
51188,417141,-1,0,0,0,0
51189,417148,-1,0,0,0,0
51190,417440,0,0,0,144,0
51191,417441,-1,0,0,0,0
51192,417448,0,0,0,1,0
51197,420882,-1,134217728,0,0,0
51198,420883,-1,134217728,0,0,0
51199,420884,-1,134217728,0,0,0
51200,420885,-1,134217728,0,0,0
51207,421248,-1,0,0,0,0
51220,423002,-1,671588450,0,145,0
51236,34433,0,0,0,134217728,0
51246,425098,-1,0,0,0,0
51248,425204,-1,0,0,134217728,0
51250,425268,-1,134217728,0,-2147483648,0
51251,425269,-1,134217728,0,-2147483648,0
51252,425270,-1,134217728,0,-2147483648,0
51253,425271,-1,134217728,0,-2147483648,0
51254,425272,-1,134217728,0,-2147483648,0
51255,425273,-1,134217728,0,-2147483648,0
51256,425274,-1,134217728,0,-2147483648,0
51257,425275,-1,134217728,0,-2147483648,0
51258,425276,-1,134217728,0,-2147483648,0
51259,425277,-1,134217728,0,-2147483648,0
51260,425284,-1,134217728,0,0,0
51263,426162,-1,0,0,0,0
51269,427719,-1,0,0,0,0
51271,427746,-1,0,0,65536,0
51293,428708,-1,0,0,0,0
51303,428861,-1,0,0,0,0
51364,431690,-1,134217728,0,-2147483648,0
51365,432129,-1,0,0,0,0
51368,433434,0,1073742079,0,0,0
51370,433655,0,1073742079,0,0,0
51371,433672,-1,0,0,0,0
51376,435531,-1,671588450,0,145,0
51412,435976,-1,671588450,0,145,0
51413,436480,-1,671588450,0,145,0
51414,436890,0,0,0,1,0
51415,436891,0,0,0,1,0
51416,436892,0,0,0,1,0
51417,436893,0,0,0,1,0
51418,436937,-1,1073741824,0,2,0
51419,436938,-1,1073741824,0,2,0
51420,436939,-1,1073741824,0,2,0
51421,436940,-1,1073741824,0,2,0
51422,436942,-1,1073741824,0,2,0
51423,436943,-1,1073741824,0,2,0
51424,436944,-1,1073741824,0,2,0
51425,436945,-1,1073741824,0,2,0
51426,436946,-1,1073741824,0,2,0
51431,437138,0,1073741824,0,2,0
51442,438040,-1,0,0,0,0
51444,438045,-1,0,0,0,0
51461,439512,0,0,0,1,0
51487,439733,4,0,0,0,0
51488,439734,-1,0,0,2,0
51499,439745,0,0,0,2,0
51500,339,0,2,0,0,0
51501,1062,0,2,0,0,0
51502,5195,0,2,0,0,0
51503,5196,0,2,0,0,0
51504,9852,0,2,0,0,0
51505,9853,0,2,0,0,0
51507,417157,0,2,0,0,0
51508,439748,0,2,0,1073741824,0
51514,440488,0,0,0,131072,0
51515,440580,0,0,0,134217728,0
51516,440586,-1,0,0,0,0
51517,440589,-1,0,0,0,0
51518,440605,-1,0,0,1,0
51519,440609,-1,0,0,0,0
51520,440632,-1,671588450,0,145,0
51533,442211,-1,0,0,1,0
51541,442901,0,0,0,145,0
51543,443358,-1,0,0,0,0
51544,443359,-1,0,0,1073741824,0
51574,446282,-1,671588450,0,145,0
51575,446303,-1,1073741824,0,0,0
51576,446314,-1,1073741824,0,0,0
51577,446708,-1,671588450,0,145,0
51582,447274,-1,671588450,0,145,0
51588,447548,-1,0,0,0,0
51589,447549,-1,0,0,134217728,0
51592,19028,0,2097152,0,0,0
51593,449668,-1,671588450,0,145,0
51598,449926,0,0,0,144,0
51599,450086,-1,0,0,134217728,0
51600,450108,-1,0,0,0,0
51608,415450,4,0,0,0,0
51635,452154,-1,0,0,0,0
51638,452862,-1,0,0,0,0
51639,453053,-1,671588450,0,145,0
51642,453482,4,0,0,0,0
51650,455868,-1,0,0,0,0
51664,456325,0,0,0,144,0
51665,456328,0,0,0,144,0
51669,456548,0,0,0,144,0
51679,458286,0,134217728,0,-2147483648,0
51684,428713,0,0,0,2,0
51685,22812,0,0,0,2,0
51686,460332,-1,0,0,0,0
51687,460339,-1,671588450,0,145,0
51688,460340,0,0,0,145,0
51689,460342,0,0,0,145,0
51690,460343,-1,671588450,0,145,0
51695,461329,-1,0,0,134217728,0
51700,461579,0,0,0,145,0
51701,461580,-1,671588450,0,145,0
51703,461628,0,0,0,145,0
51704,461629,-1,671588450,0,145,0
51705,461684,0,0,0,145,0
51706,461685,-1,671588450,0,145,0
51707,461687,0,0,0,145,0
51708,461810,-1,0,0,65536,0
51709,461826,-1,0,0,65536,0
51710,461827,-1,0,0,65536,0
51711,461828,-1,0,0,65536,0
51712,461829,-1,0,0,65536,0
51713,461830,-1,0,0,65536,0
51717,417347,5,0,0,0,0
51719,462628,0,0,0,145,0
51720,462718,-1,0,0,536870912,0
51721,462719,-1,0,0,536870912,0
51722,462720,-1,0,0,536870912,0
51723,462721,-1,0,0,536870912,0
51724,462722,-1,0,0,536870912,0
51725,462723,-1,0,0,536870912,0
51726,462724,-1,0,0,536870912,0
51727,462726,-1,0,0,536870912,0
51728,462727,-1,0,0,536870912,0
51729,462728,-1,0,0,536870912,0
51730,462729,-1,0,0,536870912,0
51731,462730,-1,0,0,536870912,0
51732,462891,-1,0,0,262144,0
